Participant_ID,Card_ID,Card_Label,Assigned_Category,Category_Correct,Confidence_Rating,Task_Success,Path_Length,Time_on_Task_s,Design_Version
P0001,Card_1,Home,Resources,1.0,3.0,1.0,1.0,29.15745111677226,Current
P0002,Card_2,Research,Administration,1.0,5.0,1.0,5.0,40.94071409964254,Current
P0003,Card_3,Contact,Academics,1.0,3.0,1.0,2.0,85.78837835025753,Proposed
P0004,Card_4,Research,Resources,1.0,4.0,0.0,2.0,31.403176178645285,Proposed
P0005,Card_5,Campus,Administration,1.0,4.0,0.0,1.0,42.23092110742818,Current
P0006,Card_6,Courses,Administration,0.0,3.0,1.0,7.0,49.4087576502378,Current
P0007,Card_7,Contact,Main_Nav,0.0,3.0,1.0,3.0,68.45433144609636,Current
P0008,Card_8,Research,Administration,1.0,5.0,1.0,5.0,34.29647459270093,Proposed
P0009,Card_9,Courses,Main_Nav,1.0,4.0,1.0,3.0,14.41278136138621,Proposed
P0010,Card_10,Courses,Resources,1.0,3.0,1.0,3.0,47.811780364175206,Proposed
P0011,Card_11,Campus,Administration,1.0,5.0,0.0,7.0,98.74638402356364,Proposed
P0012,Card_12,Courses,Academics,1.0,5.0,1.0,5.0,47.911539865119856,Proposed
P0013,Card_13,Faculty,Administration,1.0,2.0,1.0,3.0,61.64207950111738,Current
P0014,Card_14,Courses,Main_Nav,1.0,5.0,1.0,4.0,116.26610072190809,Proposed
P0015,Card_15,Admissions,Academics,1.0,2.0,1.0,9.0,158.35417248881436,Proposed
,Card_16,Contact,Main_Nav,1.0,4.0,1.0,4.0,63.344521313466636,Current
P0017,Card_17,Research,Resources,1.0,3.0,1.0,3.0,28.45728697395317,Proposed
P0018,Card_18,Campus,Main_Nav,1.0,4.0,1.0,2.0,38.80736193428865,Proposed
P0019,Card_19,Contact,Administration,1.0,5.0,1.0,3.0,301.5668713134962,Proposed
P0020,Card_20,Admissions,Administration,1.0,5.0,1.0,3.0,10.160966850302096,Current
P0021,Card_21,Contact,Administration,1.0,3.0,1.0,2.0,20.527845410354047,Current
P0022,Card_22,Contact,Resources,1.0,2.0,1.0,5.0,55.919981525587936,Proposed
P0023,Card_23,Research,Academics,0.0,1.0,1.0,2.0,99.75899007272866,Current
P0024,Card_24,Contact,Administration,1.0,4.0,1.0,3.0,164.806387050314,Proposed
P0025,Card_25,Contact,Main_Nav,1.0,3.0,0.0,4.0,52.148281830303574,Proposed
P0026,Card_26,Admissions,Academics,1.0,4.0,1.0,4.0,108.91830222262377,Proposed
P0027,Card_27,Admissions,Main_Nav,,5.0,1.0,1.0,92.63383179402143,Current
P0028,Card_28,Home,Main_Nav,1.0,4.0,1.0,2.0,24.88768822256948,Proposed
P0029,Card_29,About,Administration,1.0,3.0,0.0,5.0,248.70273329997346,Proposed
P0030,Card_30,About,Administration,1.0,3.0,1.0,,37.853203097361856,Proposed
P0031,Card_31,Admissions,Academics,1.0,1.0,1.0,1.0,12.227259340317737,Proposed
P0032,Card_32,Courses,Administration,0.0,3.0,1.0,2.0,62.29317275850815,Current
P0033,Card_33,Courses,Main_Nav,1.0,3.0,0.0,8.0,205.38011146815023,Current
P0034,Card_34,About,Administration,1.0,5.0,1.0,3.0,70.49814917837803,Proposed
P0035,Card_35,,Academics,1.0,3.0,1.0,2.0,95.18065887971046,Proposed
P0036,Card_36,Contact,Academics,1.0,1.0,1.0,6.0,50.24241345377769,Current
P0037,Card_37,About,Resources,1.0,,1.0,3.0,61.111702867330074,Proposed
P0038,Card_38,Research,Resources,1.0,2.0,1.0,7.0,48.948495529227,Proposed
P0039,Card_39,Contact,Main_Nav,1.0,4.0,1.0,0.0,47.31283670976981,Proposed
P0040,Card_40,Research,Academics,1.0,4.0,1.0,6.0,25.10514209280166,Current
P0041,Card_41,Faculty,Main_Nav,0.0,4.0,1.0,2.0,71.92934181385299,Current
P0042,Card_42,Courses,Main_Nav,1.0,3.0,1.0,2.0,107.00048229091604,Proposed
P0043,Card_43,Contact,Resources,1.0,4.0,1.0,2.0,87.13933810269948,Proposed
P0044,Card_44,Home,Resources,1.0,4.0,1.0,2.0,232.0985832128031,Proposed
P0045,Card_45,About,Main_Nav,1.0,5.0,1.0,0.0,43.7783450559388,Proposed
P0046,Card_46,Courses,Main_Nav,1.0,4.0,1.0,3.0,23.055299564062185,Proposed
P0047,Card_47,Faculty,Administration,1.0,2.0,1.0,5.0,74.91789546648756,Proposed
P0048,Card_48,Contact,Academics,1.0,5.0,1.0,2.0,45.282128212909086,Proposed
P0049,Card_49,About,Resources,1.0,2.0,1.0,,118.40800457874005,Proposed
P0050,Card_50,Courses,Academics,1.0,5.0,1.0,3.0,257.58936767555434,Proposed
P0051,Card_51,Admissions,Main_Nav,1.0,1.0,0.0,1.0,20.306176568411416,Proposed
P0052,Card_52,Courses,Academics,1.0,3.0,1.0,3.0,22.839307694417837,Current
P0053,Card_53,Contact,Administration,1.0,3.0,1.0,4.0,51.76554211264176,Proposed
P0054,Card_54,Courses,Main_Nav,0.0,4.0,1.0,3.0,40.46969478725844,Current
P0055,Card_55,Campus,Administration,1.0,3.0,1.0,1.0,27.965009424888525,Proposed
P0056,Card_56,Home,Resources,0.0,3.0,1.0,1.0,96.91911292421757,Current
P0057,Card_57,Courses,Academics,0.0,5.0,1.0,8.0,32.185534231079636,Current
P0058,Card_58,Admissions,Academics,1.0,2.0,1.0,4.0,320.5038119726661,Current
P0059,Card_59,Courses,Resources,1.0,3.0,0.0,3.0,58.814008472252745,Current
P0060,Card_60,Faculty,Administration,1.0,5.0,1.0,3.0,107.59068919103574,Current
P0061,Card_61,Courses,Administration,0.0,5.0,1.0,3.0,118.66575190796152,Current
P0062,Card_62,About,Main_Nav,1.0,5.0,1.0,2.0,52.58352546421553,Proposed
P0063,Card_63,Contact,Resources,1.0,3.0,1.0,2.0,47.22676604102143,Current
P0064,Card_64,Contact,Resources,0.0,3.0,1.0,4.0,166.86159244069816,Current
P0065,Card_65,Faculty,Resources,1.0,4.0,1.0,2.0,39.833348444259094,Proposed
P0066,Card_66,Admissions,Resources,1.0,3.0,1.0,3.0,49.895746321458894,Proposed
P0067,Card_67,Campus,Resources,1.0,4.0,1.0,4.0,87.1184931739346,Proposed
P0068,Card_68,Home,Resources,1.0,5.0,1.0,0.0,148.05633239101581,Proposed
P0069,Card_69,Admissions,Administration,0.0,5.0,1.0,3.0,210.76765321829922,Current
P0070,Card_70,Admissions,Academics,1.0,5.0,1.0,2.0,119.36115322814582,Current
P0071,Card_71,About,Main_Nav,1.0,4.0,1.0,4.0,17.058334985856593,Proposed
P0072,Card_72,About,Academics,1.0,5.0,1.0,4.0,21.849464371727112,Current
P0073,Card_73,Faculty,Resources,1.0,5.0,1.0,1.0,28.505456394506055,Proposed
P0074,Card_74,Courses,Academics,1.0,5.0,1.0,3.0,16.79251626975322,Current
P0075,Card_75,Campus,Academics,0.0,4.0,1.0,3.0,27.83806930603053,Current
P0076,Card_76,Courses,Main_Nav,1.0,5.0,1.0,5.0,21.04929431195992,Current
P0077,Card_77,Contact,Main_Nav,0.0,5.0,1.0,2.0,30.268761437839434,Current
P0078,Card_78,Admissions,Resources,1.0,3.0,1.0,0.0,5.485826885993008,Current
P0079,Card_79,Home,Main_Nav,1.0,4.0,1.0,4.0,21.60603956760952,Proposed
P0080,Card_80,Research,Administration,1.0,5.0,0.0,2.0,20.859069650307177,Proposed
P0081,Card_81,Faculty,Resources,1.0,4.0,1.0,4.0,34.346957251045886,Proposed
P0082,Card_82,Courses,Academics,1.0,5.0,0.0,2.0,33.13114982505495,Proposed
P0083,Card_83,Admissions,Main_Nav,1.0,2.0,1.0,6.0,19.731810149284822,Proposed
P0084,Card_84,About,Main_Nav,1.0,5.0,1.0,3.0,42.35124190551994,Proposed
P0085,Card_85,Campus,Resources,1.0,3.0,0.0,4.0,232.75509931136477,Proposed
P0086,Card_86,Research,Resources,1.0,1.0,0.0,2.0,26.84280889661385,Current
P0087,Card_87,Campus,Academics,1.0,5.0,1.0,0.0,33.76834544251306,Current
P0088,Card_88,Faculty,,1.0,2.0,1.0,3.0,193.9139030086865,
P0089,Card_89,Home,Administration,1.0,3.0,1.0,4.0,20.21717055595639,Current
P0090,Card_90,Admissions,Administration,1.0,4.0,1.0,4.0,104.75498868438035,Proposed
P0091,Card_91,Faculty,Academics,1.0,4.0,1.0,2.0,38.929935581589056,Current
P0092,Card_92,,Administration,1.0,4.0,1.0,3.0,76.21696321345391,Proposed
P0093,Card_93,Faculty,Administration,1.0,2.0,0.0,2.0,180.8101812221181,Current
P0094,Card_94,Campus,Administration,1.0,2.0,1.0,3.0,87.5675373727301,Current
P0095,Card_95,Courses,Administration,1.0,3.0,1.0,2.0,197.62099997718755,Proposed
P0096,Card_96,Home,Academics,1.0,5.0,1.0,4.0,21.720350895569997,Proposed
P0097,Card_97,Courses,Administration,1.0,2.0,1.0,2.0,50.78308390260093,Proposed
P0098,Card_98,Faculty,Resources,1.0,3.0,1.0,0.0,66.05605562126908,Proposed
P0099,Card_99,Faculty,Main_Nav,,,1.0,4.0,101.10778678377353,Current
P0100,Card_100,Admissions,Resources,1.0,2.0,1.0,2.0,90.56781490388133,Proposed
P0101,Card_101,Contact,Main_Nav,1.0,5.0,1.0,5.0,53.25433740516775,Proposed
P0102,Card_102,Home,Main_Nav,1.0,5.0,,3.0,12.280616566380077,Proposed
P0103,Card_103,Campus,Administration,1.0,4.0,1.0,5.0,4.549338135287742,
P0104,Card_104,Campus,Academics,1.0,4.0,1.0,5.0,25.26949989294333,Proposed
P0105,Card_105,Admissions,Main_Nav,0.0,4.0,1.0,2.0,34.72774077980883,Current
P0106,Card_106,Contact,Academics,0.0,4.0,0.0,3.0,28.006646390138883,Current
P0107,Card_107,Faculty,Academics,1.0,1.0,1.0,2.0,41.89890666282082,Current
P0108,Card_108,Contact,Resources,1.0,1.0,1.0,4.0,58.22191219059345,Proposed
P0109,Card_109,Campus,Resources,1.0,5.0,1.0,3.0,179.47300175806393,Current
,Card_110,Faculty,Academics,1.0,5.0,1.0,2.0,19.090549611585736,Proposed
P0111,Card_111,Home,Administration,1.0,4.0,1.0,2.0,217.0086741238803,Proposed
P0112,Card_112,Contact,Administration,1.0,3.0,1.0,2.0,37.80515003764213,Current
P0113,Card_113,Contact,Resources,1.0,4.0,1.0,4.0,29.604915334124325,Current
P0114,Card_114,About,Main_Nav,1.0,1.0,1.0,2.0,107.1694815704736,Proposed
,Card_115,Faculty,Administration,1.0,4.0,1.0,5.0,,Current
P0116,Card_116,Campus,Administration,1.0,5.0,1.0,4.0,24.507276442918567,Current
P0117,Card_117,Faculty,Administration,1.0,4.0,1.0,4.0,187.42146539255882,Proposed
P0118,Card_118,Faculty,Main_Nav,1.0,5.0,1.0,2.0,9.588771538804078,Proposed
P0119,Card_119,Faculty,Administration,1.0,5.0,1.0,3.0,17.672748330522026,Current
P0120,Card_120,Contact,Administration,1.0,2.0,1.0,2.0,45.226981412142194,Current
P0121,Card_121,Courses,Academics,0.0,5.0,0.0,1.0,36.91614995318059,Current
P0122,Card_122,Research,Academics,1.0,3.0,0.0,,30.06189569971151,Current
P0123,Card_123,Contact,Administration,1.0,4.0,0.0,1.0,2.4460095172006886,Proposed
P0124,Card_124,About,Main_Nav,1.0,4.0,1.0,0.0,12.775362998012582,Proposed
P0125,Card_125,Research,Main_Nav,1.0,4.0,1.0,4.0,68.72974112874728,Current
P0001,Card_126,Research,Main_Nav,1.0,2.0,1.0,3.0,383.9183755112335,Proposed
P0002,Card_127,,Main_Nav,0.0,4.0,1.0,5.0,70.80695448604897,Current
P0003,Card_128,Campus,Resources,1.0,3.0,1.0,2.0,11.080856606618237,Current
P0004,Card_129,Courses,Administration,1.0,2.0,1.0,1.0,13.233388712860535,Proposed
P0005,Card_130,About,Administration,0.0,4.0,1.0,1.0,23.74556010601124,Current
P0006,Card_131,Home,Main_Nav,1.0,5.0,1.0,3.0,,Current
P0007,Card_132,Research,Academics,1.0,3.0,1.0,3.0,63.39709721390335,Current
P0008,Card_133,Courses,Academics,1.0,4.0,1.0,1.0,14.740522342260546,Proposed
P0009,Card_134,About,Main_Nav,0.0,5.0,1.0,3.0,80.89009540688282,Current
P0010,Card_135,Contact,Academics,1.0,5.0,1.0,3.0,30.352872590754945,Proposed
P0011,Card_136,Research,Main_Nav,1.0,,1.0,5.0,6.4486341754976975,Current
P0012,Card_137,Courses,Academics,1.0,5.0,1.0,5.0,23.130998872135418,Current
P0013,,Admissions,Resources,1.0,4.0,1.0,3.0,10.14150975197481,
P0014,Card_139,Home,Main_Nav,1.0,4.0,1.0,1.0,66.9080473840499,Proposed
P0015,Card_140,Campus,Academics,1.0,4.0,1.0,4.0,97.71480940196145,Current
P0016,Card_141,Faculty,Administration,1.0,5.0,1.0,3.0,43.685003937568816,Proposed
P0017,Card_142,Contact,Resources,1.0,1.0,1.0,6.0,68.17096661706715,Proposed
P0018,Card_143,Research,Main_Nav,1.0,2.0,1.0,7.0,22.62560890888801,Proposed
P0019,Card_144,Faculty,Administration,1.0,3.0,1.0,3.0,90.80510021141885,Current
P0020,Card_145,Research,Administration,1.0,3.0,1.0,2.0,38.68712118341005,Current
P0021,Card_146,Campus,Administration,1.0,5.0,1.0,1.0,25.589487635537235,Current
P0022,Card_147,Faculty,Administration,1.0,2.0,1.0,1.0,143.662065703995,Current
P0023,Card_148,Admissions,Administration,1.0,4.0,1.0,12.0,49.01581939352199,Current
P0024,Card_149,Admissions,Resources,0.0,4.0,0.0,8.0,16.150897681718615,Current
P0025,Card_150,Research,Academics,1.0,2.0,1.0,2.0,79.72685609566688,Current
P0026,Card_151,Home,Main_Nav,1.0,3.0,1.0,2.0,30.69081044629827,Current
P0027,Card_152,Faculty,Resources,1.0,5.0,0.0,1.0,167.02338129290658,Current
P0028,Card_153,Contact,Resources,1.0,4.0,1.0,6.0,43.819443545186935,Current
P0029,Card_154,About,Resources,1.0,5.0,1.0,2.0,126.92925719863969,Current
P0030,Card_155,Courses,Administration,1.0,5.0,0.0,1.0,97.62783130704875,Proposed
P0031,Card_156,About,Resources,1.0,5.0,1.0,3.0,,Proposed
P0032,Card_157,Admissions,Administration,1.0,4.0,1.0,2.0,20.597053044837523,Proposed
P0033,Card_158,Campus,Administration,0.0,4.0,1.0,,19.41999076929912,Current
P0034,Card_159,Courses,Academics,1.0,5.0,1.0,1.0,12.596773322232082,Current
P0035,Card_160,Courses,Administration,1.0,2.0,1.0,2.0,126.40214450054683,Proposed
P0036,Card_161,Faculty,Main_Nav,1.0,2.0,1.0,0.0,37.64520433122152,Current
P0037,Card_162,Research,Academics,1.0,5.0,1.0,1.0,366.7001773607801,Current
P0038,Card_163,Courses,Resources,1.0,5.0,1.0,3.0,32.262137878030074,Proposed
P0039,Card_164,Home,Administration,1.0,5.0,1.0,0.0,29.698237163467265,Proposed
P0040,Card_165,Home,Administration,1.0,3.0,1.0,3.0,110.08742952359479,Current
P0041,Card_166,Home,Resources,1.0,2.0,1.0,5.0,45.23386992342867,Current
P0042,Card_167,Faculty,Academics,1.0,4.0,1.0,5.0,84.98137748500882,Current
P0043,Card_168,Faculty,Main_Nav,1.0,4.0,1.0,4.0,20.762937362979997,Proposed
P0044,Card_169,Research,Administration,1.0,5.0,1.0,1.0,306.509138640453,Proposed
P0045,Card_170,Courses,Resources,1.0,4.0,1.0,4.0,106.48719388305521,Current
P0046,Card_171,Faculty,Resources,1.0,5.0,0.0,3.0,52.401999895015166,Proposed
P0047,Card_172,Home,Main_Nav,,1.0,0.0,3.0,47.989051590037896,Proposed
P0048,Card_173,Campus,Academics,1.0,1.0,1.0,1.0,126.36264051141934,Proposed
P0049,Card_174,About,Academics,1.0,2.0,1.0,4.0,19.72715326774252,Current
P0050,Card_175,Contact,Resources,1.0,4.0,1.0,2.0,108.11727912290245,
P0051,Card_176,Contact,Main_Nav,1.0,4.0,1.0,3.0,44.864085916737004,
P0052,Card_177,Admissions,Administration,0.0,3.0,1.0,4.0,114.51653943110135,Current
P0053,Card_178,Courses,Academics,1.0,4.0,0.0,2.0,44.70002561886453,Proposed
P0054,Card_179,Courses,Administration,1.0,4.0,1.0,5.0,24.960433150356693,Proposed
P0055,Card_180,Admissions,Main_Nav,1.0,4.0,1.0,8.0,24.975752521534407,Proposed
P0056,Card_181,Campus,Resources,1.0,3.0,1.0,6.0,66.75812466533876,Current
P0057,Card_182,Contact,Administration,1.0,,1.0,3.0,36.19918794901618,Current
P0058,Card_183,About,Main_Nav,0.0,3.0,1.0,3.0,22.289849378373436,Current
P0059,Card_184,Admissions,Administration,1.0,5.0,1.0,2.0,81.2029952465966,Current
P0060,Card_185,Admissions,Resources,1.0,2.0,1.0,2.0,249.59362506605024,Current
P0061,Card_186,About,Administration,1.0,4.0,1.0,6.0,51.369978762447474,Proposed
P0062,Card_187,About,Resources,1.0,5.0,1.0,4.0,15.69304804634832,Proposed
P0063,Card_188,Research,Main_Nav,1.0,5.0,1.0,4.0,37.36027505686526,Current
P0064,Card_189,Admissions,Main_Nav,0.0,2.0,0.0,3.0,47.48603054915866,Current
P0065,Card_190,Contact,Academics,1.0,3.0,1.0,4.0,150.7569388424557,Current
P0066,,Contact,Resources,1.0,3.0,1.0,4.0,18.27947412907502,Proposed
P0067,Card_192,Contact,Academics,1.0,3.0,0.0,4.0,119.87725448461396,Current
P0068,Card_193,Admissions,Academics,1.0,5.0,1.0,4.0,72.41092553196398,Proposed
P0069,Card_194,Home,Administration,1.0,5.0,0.0,5.0,64.92562645330986,Proposed
P0070,Card_195,Courses,Administration,1.0,4.0,0.0,4.0,12.206389752604409,Current
P0071,Card_196,Home,Academics,1.0,2.0,1.0,1.0,37.81116683729498,Proposed
P0072,Card_197,About,Main_Nav,1.0,1.0,0.0,5.0,38.656385135502134,Current
P0073,Card_198,Courses,Resources,1.0,3.0,1.0,3.0,23.401553287454746,Proposed
P0074,Card_199,Campus,Resources,1.0,2.0,1.0,5.0,79.78797577341732,Current
P0075,Card_200,Home,Academics,1.0,2.0,1.0,5.0,82.972910858193,Proposed
P0076,Card_201,Courses,Resources,1.0,4.0,1.0,,107.3053113832366,Proposed
P0077,Card_202,About,Administration,1.0,3.0,0.0,4.0,50.2234808062731,Proposed
P0078,Card_203,Research,Administration,0.0,4.0,1.0,2.0,49.04684667358134,Current
P0079,Card_204,About,Resources,1.0,2.0,1.0,3.0,172.22742993649985,Proposed
P0080,Card_205,About,Academics,1.0,4.0,1.0,0.0,56.092081461536736,Proposed
P0081,Card_206,Courses,Academics,1.0,4.0,,4.0,,Proposed
P0082,Card_207,Courses,Administration,1.0,2.0,1.0,3.0,89.717277027723,Proposed
P0083,Card_208,Faculty,Administration,1.0,3.0,1.0,3.0,99.52282577172305,Current
P0084,Card_209,Home,Administration,1.0,3.0,1.0,6.0,100.15649347935482,Proposed
P0085,Card_210,Contact,Main_Nav,1.0,3.0,1.0,2.0,306.13487812424154,Proposed
P0086,Card_211,Courses,Academics,1.0,2.0,0.0,4.0,32.48596080698935,Proposed
P0087,Card_212,Admissions,Academics,1.0,5.0,1.0,1.0,17.188233147634406,Proposed
P0088,Card_213,Admissions,Administration,1.0,2.0,1.0,1.0,38.15862925792838,Proposed
P0089,Card_214,Faculty,Administration,1.0,3.0,1.0,10.0,17.12900255532374,Current
P0090,Card_215,Campus,Administration,1.0,4.0,1.0,2.0,79.16131843563569,Proposed
P0091,Card_216,Research,Administration,0.0,2.0,1.0,8.0,25.499576655888472,
P0092,Card_217,Faculty,Resources,1.0,5.0,1.0,2.0,41.15346899998666,Proposed
P0093,,Campus,Main_Nav,1.0,5.0,1.0,3.0,33.13031130740658,Proposed
P0094,Card_219,About,Administration,1.0,4.0,1.0,,328.88478656161055,Proposed
P0095,Card_220,Courses,Academics,1.0,4.0,0.0,4.0,89.41006864993977,Proposed
P0096,Card_221,Home,Main_Nav,1.0,5.0,1.0,3.0,20.30469934061296,Proposed
P0097,Card_222,Faculty,Resources,1.0,5.0,1.0,5.0,191.16146720846757,Proposed
P0098,Card_223,Admissions,Resources,1.0,5.0,1.0,8.0,41.47822318295537,Current
P0099,Card_224,Courses,Academics,1.0,2.0,1.0,3.0,85.17830864979771,Proposed
,Card_225,Courses,Administration,1.0,4.0,1.0,2.0,11.648992298062614,Proposed
P0101,Card_226,Research,Main_Nav,1.0,2.0,1.0,4.0,20.591014898124005,Current
P0102,Card_227,Faculty,Resources,1.0,5.0,1.0,2.0,,Proposed
P0103,Card_228,Research,Academics,1.0,3.0,1.0,3.0,43.7843851247023,Current
P0104,Card_229,About,Academics,1.0,4.0,1.0,0.0,568.9257971071577,Proposed
P0105,Card_230,About,Resources,1.0,2.0,1.0,6.0,68.02305062388317,Proposed
P0106,Card_231,Faculty,Academics,1.0,5.0,1.0,4.0,131.68995523077817,Proposed
P0107,Card_232,Faculty,Academics,1.0,3.0,1.0,2.0,90.43886869246236,Proposed
P0108,Card_233,Home,Administration,0.0,4.0,1.0,2.0,47.30798267274361,Current
P0109,Card_234,Campus,Resources,1.0,4.0,1.0,1.0,40.16723779732495,Current
P0110,Card_235,About,Main_Nav,1.0,3.0,1.0,4.0,163.38594680915855,Proposed
P0111,Card_236,Campus,Resources,1.0,3.0,1.0,4.0,10.546486222332275,Current
P0112,Card_237,Home,Administration,1.0,5.0,1.0,4.0,44.79062674043491,Proposed
P0113,Card_238,,Main_Nav,1.0,2.0,1.0,3.0,112.66367074248477,Proposed
P0114,Card_239,Campus,Administration,1.0,5.0,1.0,1.0,89.43766477625876,Proposed
,Card_240,Campus,Resources,1.0,5.0,1.0,2.0,271.84025417532996,Current
P0116,Card_241,Home,Resources,1.0,3.0,1.0,1.0,38.36203027299161,Current
P0117,Card_242,Contact,Resources,1.0,3.0,0.0,2.0,71.9865282230271,Proposed
P0118,Card_243,Faculty,Administration,0.0,3.0,1.0,1.0,31.131559709592597,Current
P0119,Card_244,Courses,Resources,1.0,5.0,1.0,0.0,39.4440300065703,Proposed
P0120,Card_245,Faculty,Main_Nav,1.0,5.0,1.0,5.0,185.87180890573023,Proposed
P0121,Card_246,Admissions,Main_Nav,1.0,5.0,1.0,6.0,430.4886668209914,Proposed
P0122,Card_247,Campus,Administration,1.0,4.0,1.0,4.0,34.2514422448798,Current
P0123,Card_248,Research,Resources,1.0,4.0,0.0,4.0,20.83502807805617,Current
P0124,Card_249,Courses,Main_Nav,1.0,4.0,1.0,4.0,49.234812579897515,Proposed
P0125,Card_250,About,Main_Nav,1.0,5.0,1.0,5.0,26.04038165566071,Proposed
P0001,Card_251,About,Academics,1.0,3.0,1.0,3.0,29.59445206757584,Proposed
P0002,Card_252,Home,Resources,1.0,5.0,1.0,2.0,29.30466761795234,Proposed
P0003,Card_253,About,Main_Nav,1.0,4.0,1.0,2.0,47.83647422114355,Proposed
P0004,Card_254,Courses,Administration,1.0,2.0,1.0,4.0,103.1934042524628,Proposed
P0005,Card_255,Home,Main_Nav,1.0,1.0,0.0,2.0,24.480672753940144,Current
P0006,Card_256,Campus,Administration,1.0,2.0,1.0,4.0,187.78159214662332,Proposed
P0007,Card_257,Campus,Academics,1.0,4.0,1.0,,29.520317927598093,Current
P0008,Card_258,Home,Resources,1.0,5.0,0.0,5.0,123.72469745645184,Proposed
P0009,Card_259,Courses,Resources,0.0,3.0,1.0,3.0,50.458559154260044,Current
P0010,Card_260,Contact,Academics,1.0,2.0,1.0,5.0,60.325439176789715,Proposed
P0011,Card_261,Home,Main_Nav,0.0,4.0,1.0,1.0,29.491821678422834,Current
P0012,Card_262,Contact,Main_Nav,1.0,1.0,1.0,2.0,386.09432754242545,Current
P0013,Card_263,Contact,Academics,1.0,4.0,1.0,3.0,161.07267524012525,Current
P0014,,About,Resources,1.0,4.0,1.0,1.0,67.3332825195813,Current
P0015,Card_265,Faculty,Main_Nav,1.0,4.0,1.0,0.0,95.29803741340703,Proposed
P0016,Card_266,Admissions,Administration,1.0,2.0,1.0,6.0,33.34528405222496,Current
P0017,Card_267,Faculty,Administration,1.0,3.0,0.0,3.0,32.46656267551642,Proposed
P0018,Card_268,Faculty,Administration,1.0,5.0,1.0,3.0,79.21148351241986,Proposed
P0019,Card_269,Admissions,Academics,1.0,2.0,1.0,2.0,40.33428436404086,Current
P0020,Card_270,Faculty,Main_Nav,1.0,4.0,1.0,4.0,85.3419316156565,Proposed
P0021,Card_271,Campus,Resources,1.0,4.0,1.0,5.0,130.3965860006435,Proposed
P0022,Card_272,,Resources,0.0,4.0,1.0,2.0,64.89297426564289,Current
P0023,Card_273,Home,Administration,1.0,3.0,1.0,3.0,85.5617556923906,Current
P0024,Card_274,Admissions,Main_Nav,1.0,5.0,1.0,3.0,81.01619374992543,Current
P0025,Card_275,Admissions,Administration,1.0,4.0,1.0,0.0,109.97033613923587,Current
P0026,Card_276,Courses,Administration,1.0,4.0,1.0,3.0,89.53794320946211,Current
P0027,Card_277,About,Resources,1.0,5.0,1.0,4.0,345.8448271297671,Proposed
P0028,Card_278,Research,Main_Nav,0.0,1.0,1.0,5.0,172.6960819819443,Current
P0029,Card_279,Research,Main_Nav,1.0,3.0,0.0,0.0,97.2118404062031,Current
P0030,Card_280,Admissions,Academics,1.0,5.0,1.0,4.0,11.950924282165003,Proposed
P0031,Card_281,Campus,Resources,1.0,5.0,1.0,2.0,79.2174966580985,Proposed
P0032,Card_282,Contact,Main_Nav,1.0,1.0,0.0,6.0,184.77403974159412,Proposed
P0033,Card_283,Faculty,Main_Nav,1.0,3.0,1.0,4.0,91.05102817639339,Proposed
P0034,Card_284,Admissions,Main_Nav,1.0,3.0,1.0,3.0,10.247623040820528,Proposed
P0035,Card_285,Home,Academics,0.0,1.0,1.0,4.0,59.66600415682361,Current
P0036,Card_286,Research,Main_Nav,1.0,5.0,0.0,3.0,54.4017277692033,Current
,Card_287,Admissions,Main_Nav,1.0,5.0,0.0,2.0,57.56060439452924,Proposed
P0038,Card_288,Campus,Administration,1.0,3.0,1.0,2.0,42.943298115329995,Proposed
P0039,Card_289,Home,Main_Nav,1.0,3.0,1.0,6.0,11.010748081852523,Proposed
P0040,Card_290,Faculty,Resources,1.0,4.0,1.0,2.0,108.52619616055404,Current
P0041,Card_291,Research,Main_Nav,1.0,4.0,1.0,2.0,32.58445210934335,Proposed
P0042,Card_292,Contact,Main_Nav,1.0,3.0,1.0,3.0,27.8554623129907,Proposed
P0043,Card_293,Research,Academics,1.0,4.0,1.0,2.0,190.51549383282125,Proposed
P0044,Card_294,Contact,Resources,1.0,3.0,1.0,2.0,23.88283342892108,Proposed
P0045,Card_295,Faculty,Resources,0.0,4.0,1.0,2.0,62.472000946480954,Current
P0046,Card_296,Campus,Main_Nav,1.0,,1.0,2.0,98.64736796298385,Current
P0047,Card_297,Faculty,Main_Nav,1.0,2.0,0.0,3.0,120.70140741212948,Proposed
P0048,Card_298,Home,Administration,1.0,4.0,1.0,3.0,36.212273276736724,Current
P0049,Card_299,Campus,Main_Nav,1.0,2.0,1.0,3.0,34.00644777847472,Proposed
P0050,Card_300,Home,Academics,0.0,3.0,1.0,5.0,480.2825747042599,Current
P0051,Card_301,Faculty,Resources,1.0,4.0,1.0,4.0,86.68638603403151,Proposed
P0052,Card_302,About,Administration,1.0,5.0,1.0,4.0,133.16681524261642,Proposed
P0053,Card_303,,Academics,1.0,4.0,1.0,4.0,53.4287122580817,Proposed
P0054,Card_304,Contact,Administration,0.0,4.0,1.0,5.0,114.10889076830428,Current
P0055,Card_305,Campus,Resources,1.0,5.0,1.0,3.0,117.6786778427249,Current
P0056,Card_306,Research,Academics,1.0,5.0,1.0,5.0,9.437322578276376,Proposed
P0057,Card_307,Research,Academics,1.0,2.0,0.0,1.0,25.942935835471292,Current
P0058,Card_308,Campus,Main_Nav,1.0,3.0,,3.0,14.180976361961774,Proposed
P0059,Card_309,Research,Main_Nav,1.0,2.0,1.0,4.0,14.26122927155772,Proposed
P0060,Card_310,Campus,Academics,1.0,3.0,1.0,2.0,38.94778791037234,Current
P0061,Card_311,Home,,0.0,2.0,0.0,4.0,61.45945406061485,Current
P0062,Card_312,Contact,Resources,1.0,1.0,1.0,3.0,39.16793496800531,Current
P0063,Card_313,Faculty,Academics,1.0,5.0,1.0,5.0,96.10753559521974,Current
P0064,Card_314,Research,Resources,1.0,2.0,1.0,4.0,97.29974786283996,Current
P0065,Card_315,Faculty,Main_Nav,1.0,1.0,1.0,2.0,116.26306048399861,Current
P0066,Card_316,Campus,Resources,1.0,4.0,1.0,1.0,86.48871849744442,Current
P0067,Card_317,Contact,Resources,1.0,4.0,1.0,2.0,,Current
P0068,Card_318,About,Resources,1.0,1.0,0.0,2.0,38.75912460699667,Proposed
P0069,Card_319,Home,Resources,0.0,4.0,1.0,,38.63718733433541,Current
P0070,Card_320,Courses,Academics,1.0,5.0,1.0,1.0,21.0712969515453,Proposed
P0071,Card_321,Contact,Administration,1.0,4.0,0.0,1.0,229.15444155762813,Current
P0072,Card_322,Campus,Academics,1.0,2.0,1.0,5.0,78.92318623537774,Proposed
P0073,Card_323,Research,Academics,0.0,4.0,1.0,3.0,58.054974967537426,Current
P0074,Card_324,Contact,Administration,1.0,3.0,1.0,1.0,67.80289075876269,Proposed
P0075,Card_325,Campus,Academics,1.0,5.0,,4.0,35.99572339272534,Current
P0076,Card_326,Campus,Administration,1.0,3.0,1.0,2.0,45.97771385040948,Proposed
P0077,Card_327,About,Main_Nav,0.0,4.0,,2.0,92.25265748162666,Current
P0078,,Contact,Resources,0.0,3.0,1.0,0.0,85.61387720969542,Current
P0079,Card_329,Faculty,Academics,1.0,3.0,1.0,4.0,132.08312897649546,Current
P0080,Card_330,Faculty,Administration,1.0,3.0,1.0,4.0,72.14918783265242,Current
P0081,Card_331,Courses,Main_Nav,1.0,2.0,1.0,2.0,53.65908916106045,Current
P0082,Card_332,Admissions,Main_Nav,,4.0,0.0,2.0,84.81989253797438,Proposed
P0083,Card_333,Contact,Academics,1.0,5.0,1.0,2.0,111.08277718517117,Current
P0084,Card_334,Home,Resources,1.0,3.0,1.0,2.0,49.347093789606284,Current
P0085,Card_335,Admissions,Academics,0.0,4.0,1.0,3.0,28.73062914990132,Current
P0086,Card_336,About,Main_Nav,1.0,4.0,1.0,2.0,421.51369563882525,Proposed
P0087,Card_337,Admissions,Resources,1.0,5.0,1.0,4.0,170.03868510369105,Proposed
P0088,Card_338,Campus,Resources,1.0,2.0,1.0,2.0,39.67665549765937,Current
P0089,Card_339,Admissions,Administration,1.0,5.0,1.0,6.0,117.35133610582298,Proposed
P0090,Card_340,About,Academics,1.0,5.0,0.0,7.0,72.78392945600808,Proposed
P0091,Card_341,Faculty,Main_Nav,1.0,4.0,1.0,4.0,26.30775395801224,Current
P0092,Card_342,Campus,Academics,1.0,3.0,0.0,2.0,44.22967905622011,
P0093,Card_343,Campus,Administration,1.0,5.0,1.0,5.0,31.7188331875492,Proposed
P0094,Card_344,Research,Administration,0.0,4.0,1.0,4.0,80.32874504668943,Current
P0095,Card_345,Campus,Academics,1.0,5.0,1.0,4.0,10.012522731527248,Proposed
P0096,Card_346,Contact,Academics,1.0,5.0,1.0,3.0,235.44283054912825,Current
P0097,Card_347,About,Administration,1.0,1.0,1.0,4.0,152.2584893348981,Proposed
P0098,Card_348,Research,Main_Nav,1.0,3.0,1.0,6.0,114.55718509570812,Current
P0099,Card_349,Contact,,1.0,4.0,1.0,3.0,62.76767026481481,Proposed
P0100,Card_350,Admissions,Administration,1.0,4.0,1.0,2.0,267.54436724345635,Current
P0101,Card_351,Research,,0.0,5.0,1.0,2.0,156.49763639493105,Current
P0102,Card_352,Campus,Academics,1.0,4.0,1.0,2.0,66.47618839299689,Proposed
P0103,Card_353,About,Resources,1.0,4.0,1.0,0.0,30.710480842458786,Proposed
P0104,Card_354,Home,Academics,1.0,5.0,,5.0,109.15730557029171,Proposed
P0105,Card_355,Faculty,Academics,1.0,3.0,1.0,3.0,24.484710634573634,Proposed
P0106,Card_356,Admissions,Academics,1.0,2.0,1.0,2.0,124.90453012792025,Proposed
P0107,Card_357,Admissions,Academics,1.0,4.0,1.0,2.0,46.50514014777402,Proposed
P0108,Card_358,Campus,,1.0,5.0,0.0,3.0,60.463208648321995,Proposed
P0109,Card_359,Faculty,Administration,1.0,3.0,1.0,3.0,21.121581807112264,Current
P0110,Card_360,Contact,Academics,0.0,4.0,1.0,8.0,97.87708961756493,Current
P0111,Card_361,Contact,Main_Nav,0.0,3.0,0.0,2.0,22.25454827861139,Current
P0112,Card_362,Research,Resources,1.0,5.0,0.0,4.0,91.31413110145871,Current
P0113,Card_363,About,Resources,0.0,4.0,1.0,,14.346008223770893,Current
P0114,Card_364,Contact,Academics,,,1.0,2.0,12.029361700526966,Proposed
P0115,Card_365,About,Resources,1.0,4.0,0.0,1.0,33.249062006104026,Proposed
P0116,,About,Resources,1.0,5.0,1.0,3.0,29.625386561982626,Current
P0117,Card_367,Courses,Administration,0.0,5.0,1.0,6.0,15.934753374205924,Current
P0118,Card_368,Campus,Administration,1.0,4.0,1.0,2.0,10.103419467069008,Proposed
P0119,Card_369,Campus,Resources,1.0,3.0,0.0,4.0,47.22862442547087,Current
P0120,Card_370,Home,Resources,1.0,4.0,1.0,1.0,69.64534446032776,Current
P0121,Card_371,About,Resources,1.0,4.0,,3.0,88.92209183519788,Proposed
P0122,Card_372,Research,Academics,1.0,4.0,1.0,4.0,98.27532601903215,Current
P0123,Card_373,Faculty,Main_Nav,0.0,4.0,1.0,5.0,395.86123247424854,Current
P0124,Card_374,Courses,Resources,1.0,3.0,1.0,2.0,33.31306683385908,Proposed
P0125,Card_375,Campus,Academics,1.0,4.0,1.0,6.0,135.2420883663913,Proposed
P0001,Card_376,About,Main_Nav,1.0,5.0,1.0,3.0,18.026659936588963,Current
P0002,Card_377,,Administration,0.0,5.0,1.0,4.0,116.55605139647953,Current
P0003,Card_378,About,Academics,1.0,4.0,1.0,2.0,154.33284023701532,Proposed
P0004,Card_379,Research,Academics,1.0,4.0,1.0,3.0,110.34926778016435,Current
P0005,Card_380,Faculty,,1.0,2.0,1.0,4.0,22.8036649261294,Proposed
P0006,Card_381,Contact,Administration,1.0,5.0,1.0,2.0,46.10772581182967,Proposed
P0007,Card_382,Contact,Administration,,2.0,1.0,6.0,13.118978561710662,Current
P0008,Card_383,Research,Academics,1.0,4.0,1.0,3.0,59.72237348588995,Proposed
P0009,Card_384,Admissions,Resources,1.0,4.0,0.0,6.0,27.04870040320457,
P0010,Card_385,Home,Administration,1.0,3.0,1.0,3.0,259.5891847229897,Proposed
P0011,Card_386,Courses,Academics,1.0,4.0,1.0,3.0,43.813446076881704,Proposed
P0012,Card_387,Home,Resources,1.0,5.0,1.0,4.0,169.343778740494,Proposed
P0013,Card_388,Faculty,Resources,1.0,5.0,1.0,3.0,,Current
,Card_389,About,Main_Nav,1.0,5.0,1.0,3.0,21.395912972546153,Current
P0015,Card_390,Faculty,Resources,0.0,3.0,1.0,3.0,20.39403317876043,Current
P0016,Card_391,Home,Administration,0.0,4.0,1.0,4.0,34.68034887531577,Current
,Card_392,Research,Administration,1.0,5.0,1.0,2.0,15.861569425450806,Proposed
,Card_393,Courses,Academics,1.0,3.0,1.0,6.0,43.715223101698,Current
P0019,Card_394,Campus,Main_Nav,1.0,5.0,1.0,5.0,44.256250710750535,Proposed
,Card_395,Faculty,Resources,1.0,4.0,1.0,2.0,7.464224884426283,Proposed
P0021,Card_396,Home,Resources,1.0,5.0,1.0,1.0,66.40603024948278,Proposed
P0022,Card_397,Campus,Main_Nav,1.0,4.0,1.0,3.0,12.564874471591509,Proposed
P0023,Card_398,Contact,Main_Nav,1.0,4.0,1.0,3.0,10.75349563116424,Current
P0024,Card_399,Contact,Academics,1.0,5.0,1.0,3.0,21.324957355218945,Proposed
P0025,Card_400,Admissions,Administration,1.0,4.0,1.0,0.0,41.44782527327563,Proposed
,Card_401,Research,Resources,0.0,5.0,1.0,1.0,20.61302180354245,Current
P0027,Card_402,Admissions,Academics,1.0,2.0,1.0,6.0,52.769510841264925,Proposed
P0028,Card_403,Research,Main_Nav,0.0,3.0,1.0,3.0,183.97846683783823,Current
,Card_404,Faculty,Main_Nav,0.0,4.0,1.0,2.0,29.575941714862683,Current
P0030,Card_405,Home,Resources,1.0,5.0,1.0,5.0,18.74415979636123,Proposed
,Card_406,Faculty,,1.0,,1.0,2.0,106.49815699102744,Current
P0032,Card_407,Courses,Main_Nav,1.0,5.0,1.0,,66.07694545771052,Current
P0033,Card_408,Courses,Main_Nav,1.0,4.0,1.0,1.0,199.90896165544598,Current
P0034,Card_409,Faculty,Administration,1.0,3.0,1.0,,130.01180220114392,Proposed
P0035,Card_410,Contact,Resources,1.0,5.0,1.0,3.0,54.244535238156395,Current
P0036,Card_411,Research,Resources,0.0,1.0,1.0,4.0,83.8749434879307,Current
P0037,Card_412,Admissions,Resources,0.0,3.0,0.0,5.0,28.009947569912022,Current
P0038,Card_413,Contact,Administration,1.0,3.0,,3.0,52.173016721187324,Current
P0039,Card_414,Home,Academics,1.0,4.0,1.0,4.0,35.30179162286006,Proposed
P0040,Card_415,Research,Resources,1.0,3.0,1.0,4.0,59.30658732197939,Proposed
P0041,Card_416,Contact,Resources,1.0,5.0,1.0,2.0,155.4421206593587,Current
P0042,Card_417,Faculty,Administration,0.0,4.0,0.0,1.0,84.46614601893987,Current
P0043,Card_418,Research,Administration,0.0,5.0,0.0,2.0,83.07362522289725,Current
P0044,Card_419,Admissions,Main_Nav,1.0,4.0,0.0,6.0,102.36195720841026,Proposed
P0045,Card_420,Admissions,Administration,1.0,5.0,1.0,2.0,35.35340346562658,Current
P0046,Card_421,Contact,Academics,1.0,3.0,1.0,1.0,105.52651785985046,Proposed
P0047,Card_422,Admissions,Academics,1.0,,1.0,4.0,47.06568137147281,Proposed
P0048,Card_423,Courses,Main_Nav,1.0,5.0,1.0,1.0,45.97535445121303,Current
P0049,Card_424,Faculty,Administration,1.0,1.0,1.0,1.0,50.20092598954593,Proposed
P0050,Card_425,Courses,Administration,1.0,4.0,1.0,1.0,12.040005153408444,Proposed
P0051,Card_426,Contact,Main_Nav,1.0,3.0,1.0,3.0,118.29403094624911,Proposed
P0052,Card_427,Home,Academics,0.0,3.0,1.0,2.0,51.399178472466694,Current
P0053,Card_428,Courses,Resources,1.0,5.0,1.0,2.0,20.63526364570686,Current
P0054,Card_429,Home,Administration,1.0,3.0,1.0,3.0,65.68673053694722,Proposed
P0055,Card_430,Home,Administration,0.0,5.0,1.0,3.0,42.78682941717992,Current
P0056,Card_431,Admissions,Academics,1.0,2.0,1.0,2.0,14.403264632279374,Current
P0057,Card_432,,Academics,1.0,4.0,0.0,5.0,20.662036001099526,Current
P0058,Card_433,About,Main_Nav,0.0,4.0,1.0,2.0,28.776322985995936,Current
P0059,Card_434,Campus,Main_Nav,1.0,3.0,1.0,4.0,67.21793890238231,Current
P0060,Card_435,Faculty,Administration,0.0,4.0,1.0,4.0,96.1312479744408,
P0061,Card_436,Contact,Academics,1.0,3.0,1.0,4.0,82.3948543006714,Current
P0062,Card_437,Courses,Administration,1.0,4.0,1.0,3.0,74.28082263119404,Current
P0063,Card_438,Admissions,Administration,1.0,5.0,1.0,5.0,41.73269587948615,Proposed
P0064,Card_439,Faculty,Administration,1.0,5.0,1.0,1.0,39.874584273617465,Proposed
P0065,Card_440,Faculty,Academics,1.0,5.0,1.0,0.0,52.78047800990188,Current
P0066,Card_441,Research,Administration,1.0,5.0,1.0,4.0,97.72068624764874,Proposed
P0067,Card_442,Research,Academics,1.0,4.0,1.0,5.0,91.26432992609337,Current
P0068,Card_443,Contact,Academics,1.0,4.0,1.0,2.0,49.863619777150184,Proposed
P0069,Card_444,Home,Resources,1.0,5.0,0.0,2.0,84.3876883656005,Proposed
P0070,Card_445,Admissions,Main_Nav,1.0,5.0,1.0,3.0,28.32554371346855,
P0071,Card_446,Admissions,Resources,1.0,2.0,1.0,3.0,24.78106198235706,Current
P0072,Card_447,Home,Resources,1.0,5.0,1.0,1.0,33.74625978711182,Proposed
P0073,Card_448,Courses,Main_Nav,1.0,1.0,0.0,4.0,565.0954065990686,Current
P0074,Card_449,,Academics,1.0,5.0,1.0,5.0,43.825663386821304,Current
P0075,Card_450,Faculty,Academics,1.0,4.0,1.0,4.0,33.691550912993904,Proposed
P0076,Card_451,Contact,Academics,1.0,5.0,1.0,1.0,175.20792114624206,Proposed
P0077,Card_452,,Academics,1.0,5.0,0.0,2.0,28.207028148230524,Proposed
P0078,Card_453,Home,Administration,1.0,4.0,1.0,3.0,104.39442250760418,Current
P0079,Card_454,Admissions,Administration,1.0,3.0,1.0,3.0,70.30417203499648,Current
P0080,Card_455,Courses,Main_Nav,1.0,5.0,1.0,2.0,108.94564631916533,Current
P0081,Card_456,Courses,Main_Nav,1.0,4.0,1.0,3.0,76.02942173759287,Current
P0082,Card_457,,Academics,1.0,5.0,0.0,3.0,15.553590551518381,Proposed
P0083,Card_458,Faculty,Administration,1.0,4.0,0.0,7.0,18.37766509031185,Current
P0084,Card_459,About,Main_Nav,0.0,4.0,1.0,6.0,37.34554491871639,Current
P0085,Card_460,Campus,Academics,,5.0,1.0,3.0,49.450303329561876,Proposed
P0086,Card_461,Campus,Administration,1.0,3.0,1.0,0.0,40.070007558275506,Proposed
P0087,Card_462,Courses,Main_Nav,,4.0,1.0,6.0,90.45437554065961,Proposed
P0088,Card_463,About,Academics,1.0,4.0,1.0,3.0,15.71120662769231,Proposed
P0089,Card_464,About,Administration,1.0,4.0,1.0,2.0,43.046793845191324,Current
P0090,Card_465,Contact,Academics,1.0,3.0,1.0,4.0,239.49580364699884,Current
P0091,,Admissions,Administration,1.0,4.0,1.0,2.0,34.248883613568005,Proposed
P0092,Card_467,Admissions,Main_Nav,1.0,3.0,1.0,6.0,121.52306893017101,Proposed
P0093,Card_468,About,Academics,1.0,5.0,1.0,4.0,69.41411682841341,Proposed
P0094,Card_469,Research,Main_Nav,1.0,5.0,1.0,4.0,41.35713580814394,Current
P0095,Card_470,Campus,Resources,1.0,5.0,1.0,1.0,222.6767412577411,Current
P0096,Card_471,Admissions,Administration,1.0,4.0,1.0,3.0,12.87674146930225,Proposed
P0097,Card_472,Courses,Resources,1.0,3.0,1.0,3.0,126.9247917836298,Current
P0098,Card_473,About,Main_Nav,1.0,5.0,1.0,3.0,66.6676169758347,Proposed
P0099,Card_474,Campus,Resources,1.0,5.0,1.0,4.0,63.15282391582179,Current
P0100,Card_475,Research,,1.0,1.0,1.0,1.0,17.575717837110943,Proposed
P0101,Card_476,Contact,Resources,1.0,2.0,1.0,1.0,38.1885838149913,Proposed
P0102,Card_477,About,Resources,0.0,3.0,1.0,5.0,54.90464623702482,Current
P0103,Card_478,Research,Resources,1.0,2.0,1.0,1.0,76.71620789032202,Proposed
P0104,Card_479,Contact,Resources,0.0,4.0,0.0,4.0,68.180544539538,Current
P0105,Card_480,Contact,Academics,1.0,4.0,1.0,4.0,69.71866217677376,Proposed
P0106,Card_481,Home,Resources,0.0,3.0,1.0,4.0,40.6826916240417,Current
P0107,Card_482,Courses,Academics,1.0,1.0,0.0,5.0,40.709996111870375,Proposed
P0108,Card_483,Research,Resources,0.0,2.0,1.0,3.0,155.955452385475,Current
P0109,Card_484,Faculty,Main_Nav,1.0,1.0,1.0,2.0,119.16892255567035,Proposed
P0110,Card_485,Contact,Academics,1.0,4.0,1.0,1.0,124.23488887358758,Proposed
P0111,Card_486,Faculty,Main_Nav,,4.0,1.0,2.0,89.78582579199907,Proposed
P0112,Card_487,Home,Resources,1.0,5.0,1.0,2.0,123.68968999675947,Proposed
P0113,Card_488,Contact,Administration,1.0,3.0,1.0,4.0,22.600645322816575,Proposed
P0114,Card_489,About,Administration,1.0,3.0,1.0,2.0,47.98904594204325,Proposed
P0115,Card_490,Courses,Main_Nav,1.0,3.0,1.0,5.0,60.54056286005675,Proposed
P0116,Card_491,Campus,Academics,1.0,3.0,1.0,5.0,121.71089522355422,Proposed
P0117,Card_492,Admissions,Academics,1.0,5.0,1.0,2.0,89.11410375598973,Current
P0118,Card_493,Campus,Resources,1.0,3.0,1.0,3.0,42.12020885415523,Proposed
P0119,Card_494,Courses,Administration,1.0,4.0,1.0,6.0,19.574645005916924,Proposed
P0120,Card_495,Research,Main_Nav,0.0,1.0,1.0,4.0,17.38970886864312,Current
P0121,Card_496,,,1.0,2.0,1.0,7.0,109.40129303334791,Proposed
P0122,Card_497,Contact,Academics,0.0,4.0,1.0,1.0,94.05287038936336,Current
P0123,Card_498,Contact,Academics,1.0,3.0,1.0,1.0,142.69338635991465,Current
P0124,Card_499,Faculty,Academics,0.0,4.0,1.0,1.0,272.67947215655465,Current
P0125,Card_500,About,Main_Nav,1.0,5.0,1.0,2.0,16.26556839993726,Proposed
P0001,Card_501,About,Administration,1.0,4.0,1.0,3.0,123.16102270964483,Current
P0002,Card_502,Campus,Resources,1.0,5.0,1.0,1.0,144.02925400157005,Proposed
P0003,Card_503,Admissions,Academics,1.0,3.0,1.0,3.0,127.1145277347668,Proposed
P0004,Card_504,About,Administration,1.0,4.0,1.0,2.0,28.365790557464774,Proposed
P0005,Card_505,Courses,Main_Nav,1.0,2.0,0.0,3.0,23.978436883210648,Proposed
P0006,Card_506,Contact,Main_Nav,1.0,4.0,1.0,7.0,231.31086332624915,Proposed
P0007,Card_507,Home,Main_Nav,1.0,5.0,1.0,4.0,232.8246331628508,Proposed
P0008,Card_508,Research,Administration,0.0,2.0,1.0,4.0,147.13133238345426,Current
P0009,Card_509,Faculty,Main_Nav,1.0,3.0,1.0,3.0,849.6046932574212,Proposed
P0010,Card_510,Contact,Academics,1.0,3.0,1.0,3.0,74.14601813264002,Current
P0011,Card_511,Faculty,Resources,1.0,5.0,1.0,5.0,14.826652273848177,Proposed
P0012,Card_512,About,Resources,1.0,5.0,1.0,4.0,149.0017119986334,Proposed
P0013,Card_513,Research,Administration,1.0,2.0,1.0,1.0,8.314676210393015,Proposed
P0014,Card_514,Research,Administration,1.0,5.0,1.0,5.0,51.1075661160841,Current
P0015,Card_515,Admissions,Resources,1.0,4.0,1.0,3.0,66.74083403706744,Proposed
,Card_516,Campus,Academics,1.0,4.0,1.0,3.0,5.495362996809589,Current
P0017,Card_517,Home,Resources,1.0,4.0,1.0,0.0,47.32596525658948,Current
P0018,Card_518,Faculty,Academics,1.0,3.0,1.0,3.0,30.08182407841145,Proposed
P0019,Card_519,Courses,Resources,1.0,,1.0,4.0,39.73673781571644,Current
P0020,Card_520,About,Resources,1.0,4.0,1.0,5.0,54.82786420762237,Proposed
P0021,Card_521,Admissions,Main_Nav,1.0,5.0,0.0,2.0,47.34294768763111,Current
P0022,Card_522,Contact,Resources,,4.0,1.0,0.0,68.22894382734759,Proposed
P0023,Card_523,Contact,Academics,1.0,3.0,1.0,3.0,24.994388936375397,Proposed
P0024,Card_524,Admissions,,0.0,4.0,0.0,3.0,33.01620284008007,Current
P0025,Card_525,Home,Resources,1.0,5.0,1.0,1.0,45.24608070806656,Proposed
P0026,Card_526,Home,Main_Nav,,4.0,1.0,0.0,29.873463866243462,Current
P0027,Card_527,About,Main_Nav,1.0,,1.0,4.0,36.68685195916195,Current
P0028,Card_528,Campus,Resources,0.0,4.0,1.0,1.0,25.881792692418177,Current
P0029,Card_529,Admissions,Academics,1.0,2.0,1.0,1.0,74.7176171621985,Proposed
P0030,Card_530,Research,Administration,0.0,3.0,1.0,1.0,26.488702588799015,Current
P0031,,Courses,Resources,0.0,4.0,1.0,0.0,43.55861693945403,Current
P0032,Card_532,Admissions,Main_Nav,1.0,5.0,1.0,2.0,36.292016327204465,Current
P0033,Card_533,Campus,Resources,0.0,4.0,1.0,5.0,42.83522306513427,Current
P0034,Card_534,Courses,Administration,1.0,4.0,1.0,4.0,12.87302830269385,Proposed
P0035,Card_535,Courses,Administration,1.0,5.0,1.0,1.0,85.36875000510089,Current
P0036,Card_536,Contact,Academics,,4.0,1.0,4.0,108.49458625732616,Proposed
P0037,Card_537,Contact,Main_Nav,1.0,4.0,1.0,6.0,13.990813880661904,Proposed
P0038,Card_538,Campus,Main_Nav,1.0,4.0,1.0,1.0,44.97660072903237,Proposed
P0039,Card_539,Admissions,Resources,1.0,4.0,1.0,1.0,79.29173171634433,Proposed
P0040,Card_540,Faculty,Administration,1.0,5.0,1.0,3.0,123.09092911673046,Proposed
P0041,Card_541,Campus,Resources,1.0,,1.0,2.0,22.02796774544212,Current
P0042,Card_542,Campus,Resources,1.0,2.0,1.0,2.0,72.50238245454784,Proposed
P0043,Card_543,Contact,Administration,1.0,4.0,1.0,3.0,9.748963198794034,Proposed
P0044,Card_544,Contact,Academics,,4.0,1.0,2.0,31.25231779164135,Proposed
P0045,Card_545,Admissions,Administration,1.0,3.0,1.0,2.0,262.1066502882374,Proposed
P0046,Card_546,Courses,Resources,1.0,4.0,1.0,3.0,23.26880666857332,Current
P0047,Card_547,Campus,Main_Nav,1.0,5.0,1.0,5.0,118.23457898474511,Proposed
P0048,Card_548,Research,Administration,1.0,4.0,1.0,2.0,24.87165484595821,Proposed
P0049,Card_549,Faculty,Main_Nav,1.0,3.0,1.0,4.0,35.701663814537085,Proposed
P0050,Card_550,Home,Resources,1.0,3.0,1.0,2.0,102.63577474190076,Current
P0051,Card_551,Admissions,Academics,1.0,5.0,1.0,2.0,66.64610161872439,Current
P0052,Card_552,Courses,Main_Nav,1.0,5.0,1.0,2.0,31.440115192944646,Current
P0053,Card_553,Contact,Academics,1.0,2.0,0.0,2.0,28.315221571038503,Current
P0054,Card_554,,Resources,1.0,4.0,1.0,2.0,34.50140742726432,Proposed
P0055,Card_555,Faculty,Main_Nav,1.0,4.0,1.0,5.0,8.848303588491776,Proposed
P0056,Card_556,Faculty,Administration,1.0,2.0,1.0,1.0,88.26147104913812,Current
P0057,Card_557,About,Administration,1.0,5.0,1.0,2.0,152.7549533354736,Current
P0058,Card_558,Courses,Academics,1.0,3.0,1.0,2.0,43.969043601565915,Proposed
P0059,Card_559,About,Resources,1.0,3.0,1.0,2.0,13.514549752193497,Proposed
P0060,Card_560,About,Main_Nav,1.0,4.0,1.0,7.0,47.4493883964832,Current
P0061,Card_561,Contact,Main_Nav,1.0,3.0,1.0,0.0,50.402300911341236,Current
P0062,Card_562,,Academics,1.0,4.0,1.0,,68.6444596233359,Current
,Card_563,Courses,Academics,,3.0,1.0,0.0,108.10043182639119,Proposed
P0064,Card_564,Contact,Administration,1.0,5.0,0.0,0.0,31.219729983061402,Proposed
P0065,Card_565,Research,Resources,1.0,4.0,1.0,3.0,27.023436816118092,Proposed
P0066,Card_566,Admissions,Administration,1.0,4.0,1.0,5.0,707.1519161292906,Proposed
P0067,Card_567,Campus,Resources,0.0,2.0,1.0,1.0,26.135384881630753,Current
P0068,Card_568,Contact,Main_Nav,1.0,3.0,0.0,5.0,210.58046305405762,Current
P0069,Card_569,Home,Resources,1.0,4.0,1.0,3.0,185.63784227335174,Proposed
P0070,Card_570,,Main_Nav,0.0,1.0,1.0,9.0,32.97764745740481,Current
P0071,Card_571,Contact,Resources,0.0,1.0,1.0,0.0,36.55524554045975,Current
P0072,Card_572,Contact,Main_Nav,1.0,4.0,1.0,2.0,108.42247302709116,Current
P0073,Card_573,Admissions,Resources,1.0,5.0,1.0,8.0,124.83019914985918,Current
P0074,Card_574,Admissions,Resources,1.0,5.0,1.0,4.0,354.66447859534316,Proposed
P0075,Card_575,Research,Resources,1.0,4.0,1.0,4.0,78.98260222645969,Proposed
P0076,Card_576,Faculty,Administration,1.0,4.0,1.0,4.0,50.83949187558087,Proposed
P0077,Card_577,Courses,Administration,1.0,5.0,1.0,4.0,108.07323726437252,Proposed
P0078,Card_578,Contact,,1.0,5.0,1.0,1.0,117.55136533430604,Proposed
P0079,Card_579,Admissions,,1.0,5.0,1.0,1.0,17.55398342968643,Proposed
P0080,Card_580,Courses,Administration,1.0,5.0,1.0,7.0,74.96029212461862,Proposed
P0081,Card_581,Home,Academics,1.0,4.0,1.0,3.0,277.0494085137654,Current
P0082,Card_582,Home,Administration,1.0,4.0,1.0,1.0,53.16814544431047,Proposed
P0083,Card_583,,Resources,1.0,5.0,0.0,6.0,252.5173881496949,Current
P0084,Card_584,Campus,Main_Nav,1.0,2.0,1.0,3.0,60.67564032864843,Proposed
P0085,Card_585,Admissions,Administration,0.0,5.0,1.0,1.0,143.51119057527745,Current
P0086,Card_586,Admissions,Main_Nav,1.0,4.0,0.0,2.0,110.61199306841512,Proposed
P0087,Card_587,Faculty,Administration,1.0,4.0,1.0,2.0,116.05869530701918,Proposed
P0088,Card_588,Campus,Main_Nav,0.0,5.0,1.0,3.0,44.27822246846833,Current
P0089,Card_589,About,Academics,1.0,4.0,0.0,4.0,310.1039210479901,Current
P0090,Card_590,Contact,Administration,1.0,2.0,0.0,4.0,155.08311699401295,Proposed
P0091,Card_591,Admissions,Resources,1.0,2.0,1.0,4.0,29.63792790016423,Current
P0092,Card_592,Admissions,Academics,1.0,5.0,1.0,1.0,,Proposed
P0093,Card_593,Admissions,Resources,1.0,3.0,1.0,3.0,125.49401063001761,Proposed
P0094,Card_594,Courses,Administration,0.0,3.0,1.0,4.0,21.855514287902174,Current
P0095,Card_595,Campus,Academics,1.0,1.0,1.0,2.0,105.25023047755644,Proposed
P0096,Card_596,Faculty,Resources,1.0,3.0,0.0,4.0,25.09618443888292,Current
P0097,Card_597,Courses,Resources,1.0,4.0,1.0,1.0,20.479051424795085,Proposed
P0098,Card_598,Contact,Main_Nav,1.0,5.0,0.0,4.0,25.03848602960556,Proposed
P0099,Card_599,Admissions,Main_Nav,1.0,4.0,1.0,0.0,54.641690975069416,Proposed
P0100,Card_600,Home,Administration,1.0,5.0,1.0,4.0,48.56196276089139,Current
P0101,Card_601,Faculty,Academics,1.0,2.0,1.0,5.0,69.77068037693759,Proposed
P0102,Card_602,About,Academics,1.0,4.0,1.0,1.0,24.388437594454615,Proposed
P0103,Card_603,Research,Main_Nav,1.0,4.0,1.0,3.0,25.29310206424075,Proposed
P0104,Card_604,Research,Main_Nav,1.0,1.0,1.0,2.0,80.6231386296469,Proposed
P0105,Card_605,Faculty,Main_Nav,0.0,4.0,1.0,3.0,69.37180421915633,Current
P0106,Card_606,Contact,Main_Nav,1.0,5.0,1.0,3.0,168.12733773865278,Proposed
P0107,Card_607,,Resources,1.0,1.0,1.0,3.0,45.55560266157676,
P0108,Card_608,Faculty,Academics,1.0,4.0,1.0,6.0,58.89152285658049,Proposed
P0109,Card_609,Courses,Administration,1.0,5.0,1.0,4.0,176.59849712840557,Proposed
P0110,Card_610,Faculty,Main_Nav,1.0,4.0,1.0,2.0,19.638239308552883,Proposed
P0111,Card_611,Contact,Main_Nav,0.0,5.0,1.0,1.0,76.85356063794431,Current
P0112,Card_612,Home,Resources,1.0,1.0,0.0,4.0,110.69964661614011,Current
P0113,Card_613,Contact,Main_Nav,1.0,5.0,1.0,3.0,15.72668789901866,Proposed
P0114,Card_614,Faculty,Resources,0.0,5.0,1.0,3.0,41.10056431578261,Current
P0115,Card_615,Admissions,Administration,1.0,5.0,1.0,2.0,55.33209081409432,Current
P0116,Card_616,Faculty,Resources,0.0,2.0,,3.0,54.54785935416649,Current
P0117,Card_617,Faculty,Administration,1.0,2.0,1.0,2.0,55.8472025417874,Current
P0118,Card_618,Courses,Academics,1.0,3.0,1.0,4.0,200.19101042172053,Proposed
P0119,Card_619,Campus,Academics,1.0,5.0,1.0,2.0,61.60750719456499,Proposed
P0120,Card_620,Research,Main_Nav,0.0,5.0,1.0,4.0,19.171017965874277,Current
P0121,Card_621,Courses,Main_Nav,1.0,3.0,0.0,1.0,14.54916034929799,Current
P0122,Card_622,Contact,Main_Nav,1.0,5.0,1.0,4.0,254.80767585042656,Proposed
P0123,Card_623,Contact,Administration,0.0,3.0,0.0,3.0,219.47614054390024,Current
P0124,Card_624,About,Main_Nav,1.0,5.0,1.0,2.0,22.020020896860803,Proposed
P0125,Card_625,About,Academics,1.0,4.0,1.0,2.0,70.70745072309865,Proposed
P0001,Card_626,Campus,Resources,0.0,3.0,1.0,3.0,20.59656835819835,Current
P0002,Card_627,Campus,Main_Nav,1.0,5.0,1.0,5.0,40.26520082916898,Proposed
P0003,Card_628,Research,Resources,1.0,5.0,1.0,5.0,20.967105043525027,Proposed
P0004,Card_629,Contact,Administration,1.0,5.0,1.0,5.0,125.16613060386365,Current
P0005,Card_630,Admissions,Academics,1.0,3.0,1.0,3.0,15.26525018228384,Proposed
P0006,Card_631,Campus,Administration,0.0,3.0,1.0,1.0,58.75495746631869,Current
P0007,Card_632,Courses,Resources,,5.0,1.0,1.0,87.67625732992273,Current
P0008,Card_633,Contact,Administration,1.0,4.0,1.0,4.0,65.03193041945815,Current
P0009,Card_634,Home,Administration,1.0,5.0,1.0,6.0,54.42977359268255,Proposed
P0010,Card_635,Research,Administration,1.0,4.0,1.0,5.0,148.8451411140515,Proposed
P0011,Card_636,Faculty,Administration,1.0,3.0,1.0,3.0,24.451017638030667,Proposed
P0012,Card_637,Campus,Resources,1.0,4.0,1.0,5.0,78.9284710339594,Current
P0013,Card_638,Courses,Resources,1.0,4.0,1.0,2.0,56.67588942401211,Proposed
P0014,Card_639,Campus,Resources,1.0,3.0,1.0,6.0,108.53604124729728,Proposed
P0015,Card_640,Courses,Main_Nav,1.0,4.0,1.0,1.0,26.439834929207446,Proposed
P0016,Card_641,Admissions,Academics,0.0,5.0,1.0,0.0,47.74611674561841,Current
P0017,Card_642,About,Academics,1.0,1.0,1.0,2.0,34.95298290509986,Current
P0018,Card_643,Research,Academics,0.0,5.0,1.0,1.0,25.657090580253495,Current
P0019,Card_644,Home,Resources,1.0,4.0,1.0,1.0,8.696376738341657,
P0020,Card_645,Home,Academics,1.0,2.0,1.0,4.0,80.74255348832668,Proposed
P0021,Card_646,,Main_Nav,1.0,5.0,1.0,2.0,228.71020853457455,Current
P0022,Card_647,Campus,Academics,0.0,5.0,1.0,1.0,57.184238805078685,Current
P0023,Card_648,Faculty,Administration,0.0,4.0,1.0,5.0,14.894947558540258,Current
P0024,Card_649,Contact,Resources,1.0,3.0,,,128.26615681206266,Proposed
P0025,Card_650,Home,Administration,1.0,4.0,1.0,5.0,25.09584130040173,Current
P0026,Card_651,Research,,0.0,5.0,1.0,1.0,100.98704976769548,Current
P0027,Card_652,Admissions,Resources,1.0,2.0,1.0,3.0,39.299561137278644,Proposed
P0028,Card_653,About,Resources,1.0,2.0,1.0,1.0,77.45286683929177,Current
P0029,Card_654,Courses,Main_Nav,1.0,4.0,0.0,4.0,20.373218532706346,Proposed
P0030,Card_655,Faculty,Main_Nav,1.0,1.0,1.0,2.0,50.76410014695461,Proposed
P0031,Card_656,Home,Administration,1.0,5.0,1.0,5.0,84.1313236756632,Proposed
P0032,Card_657,,Main_Nav,1.0,5.0,1.0,6.0,75.91857506658279,Current
P0033,Card_658,About,Resources,1.0,5.0,1.0,3.0,95.86626615631536,Current
P0034,,Campus,Resources,1.0,3.0,1.0,3.0,34.53351949839011,Proposed
P0035,Card_660,About,Academics,1.0,4.0,1.0,1.0,83.69438907877353,Proposed
P0036,Card_661,Contact,Academics,1.0,5.0,1.0,1.0,127.96285089010941,Proposed
P0037,Card_662,About,Resources,1.0,4.0,1.0,2.0,43.17168863181133,Current
P0038,Card_663,Home,Resources,1.0,5.0,0.0,3.0,101.71753489749749,Proposed
P0039,Card_664,About,Resources,1.0,4.0,0.0,5.0,87.49733460336014,Proposed
P0040,Card_665,Faculty,Administration,1.0,1.0,1.0,3.0,,
P0041,Card_666,Courses,Academics,1.0,5.0,1.0,3.0,100.87825086137494,Current
P0042,Card_667,Research,Main_Nav,0.0,1.0,1.0,,91.98181878309121,Current
P0043,Card_668,Admissions,Administration,1.0,3.0,1.0,0.0,33.961286362491855,Proposed
P0044,Card_669,About,Academics,1.0,5.0,1.0,3.0,332.07420144330325,Proposed
P0045,Card_670,Research,Academics,0.0,5.0,1.0,2.0,93.60550080404585,Current
P0046,Card_671,Faculty,Main_Nav,1.0,5.0,1.0,5.0,113.22182345389852,Proposed
P0047,Card_672,Faculty,Administration,1.0,3.0,1.0,2.0,39.422409587961894,Proposed
P0048,Card_673,Courses,Resources,1.0,4.0,0.0,1.0,21.86815833853763,Current
P0049,Card_674,Faculty,Administration,1.0,4.0,0.0,3.0,40.19189847107719,Current
P0050,Card_675,,Resources,1.0,4.0,0.0,4.0,92.41343674496146,Proposed
P0051,Card_676,Faculty,Academics,1.0,5.0,1.0,4.0,11.035101742252666,Proposed
P0052,Card_677,About,Academics,1.0,3.0,1.0,2.0,42.174511326285575,Proposed
P0053,Card_678,Admissions,Academics,1.0,4.0,1.0,2.0,50.44419744561563,Proposed
P0054,Card_679,Admissions,Academics,1.0,4.0,1.0,4.0,9.792361982421719,Proposed
P0055,Card_680,Contact,Resources,1.0,5.0,1.0,0.0,50.194302032786624,Proposed
P0056,Card_681,Contact,Resources,1.0,5.0,,2.0,12.49067663148422,Proposed
P0057,Card_682,Faculty,Main_Nav,1.0,4.0,1.0,6.0,234.39225873529327,Current
P0058,Card_683,,Academics,1.0,4.0,1.0,2.0,122.9766760519528,Proposed
P0059,Card_684,Research,Resources,1.0,4.0,0.0,3.0,62.128676110016514,Proposed
P0060,Card_685,,Academics,1.0,3.0,1.0,7.0,36.08003604452998,Current
P0061,Card_686,Home,Administration,1.0,4.0,1.0,2.0,48.91786472275938,Proposed
P0062,Card_687,Faculty,Academics,1.0,4.0,1.0,5.0,12.419522541453485,Current
P0063,Card_688,Research,Resources,1.0,3.0,1.0,2.0,81.63714922301736,Proposed
P0064,Card_689,Home,Administration,1.0,2.0,1.0,5.0,53.61951272274858,Proposed
P0065,Card_690,Contact,Main_Nav,1.0,4.0,1.0,3.0,17.833919637628597,Current
P0066,Card_691,About,Resources,1.0,3.0,1.0,1.0,43.3082269324069,Proposed
P0067,Card_692,Courses,Main_Nav,1.0,5.0,,3.0,66.9887399041094,Proposed
P0068,Card_693,Campus,Administration,1.0,1.0,1.0,3.0,49.31866768954407,Current
P0069,Card_694,Home,Main_Nav,0.0,2.0,1.0,2.0,114.56394569894658,Current
P0070,Card_695,Contact,Academics,1.0,5.0,1.0,1.0,57.2011426934805,Proposed
P0071,Card_696,Admissions,Main_Nav,1.0,2.0,1.0,1.0,27.31681530505459,Current
P0072,Card_697,Campus,Resources,1.0,3.0,1.0,5.0,29.358814631960794,Current
P0073,Card_698,Research,Resources,1.0,4.0,0.0,3.0,89.9590236314907,Proposed
P0074,Card_699,Admissions,Administration,0.0,5.0,1.0,3.0,56.77177133210342,Current
P0075,Card_700,Contact,Resources,0.0,4.0,1.0,4.0,149.7443411242113,Current
P0076,Card_701,Faculty,Administration,1.0,4.0,1.0,4.0,49.253580149747286,Proposed
P0077,Card_702,Courses,Academics,1.0,4.0,1.0,2.0,333.48226493077976,Proposed
P0078,Card_703,Home,Resources,1.0,3.0,1.0,4.0,33.855979727606275,Current
P0079,Card_704,Courses,Academics,,3.0,1.0,7.0,51.95800143170301,Proposed
P0080,Card_705,About,Administration,1.0,4.0,0.0,3.0,,Proposed
P0081,Card_706,Courses,Main_Nav,1.0,5.0,1.0,1.0,44.26186161592602,Proposed
P0082,Card_707,About,Academics,1.0,4.0,1.0,1.0,23.74046922935513,Proposed
P0083,Card_708,Admissions,Resources,1.0,3.0,0.0,3.0,46.578166597325115,Current
P0084,Card_709,Faculty,Administration,0.0,3.0,1.0,2.0,146.26180328636372,Current
P0085,,Contact,Administration,1.0,1.0,1.0,7.0,44.05295494132978,Proposed
P0086,Card_711,Admissions,Administration,1.0,2.0,1.0,3.0,59.09279517686647,Proposed
P0087,Card_712,Campus,Main_Nav,1.0,3.0,1.0,2.0,73.33714914453559,Proposed
P0088,Card_713,Home,Main_Nav,1.0,5.0,1.0,1.0,48.65903645489113,Proposed
P0089,Card_714,Campus,Administration,1.0,1.0,1.0,4.0,39.86483170505516,Proposed
P0090,Card_715,Faculty,Academics,1.0,3.0,1.0,1.0,253.70928649978038,Proposed
P0091,Card_716,Contact,Academics,1.0,3.0,0.0,5.0,98.72604401334449,Proposed
P0092,Card_717,About,Administration,1.0,5.0,0.0,4.0,33.882608126581715,
P0093,Card_718,Research,Administration,1.0,5.0,,3.0,,Proposed
P0094,Card_719,Contact,Main_Nav,1.0,5.0,1.0,3.0,18.811886580840927,Current
P0095,Card_720,Courses,Resources,1.0,4.0,1.0,3.0,31.919301793561573,Proposed
P0096,Card_721,Courses,Administration,0.0,5.0,1.0,4.0,20.67650256884032,Current
P0097,Card_722,Admissions,Administration,1.0,3.0,0.0,6.0,34.37208174932703,Proposed
P0098,Card_723,About,Resources,1.0,4.0,1.0,,42.118672266306575,Current
P0099,Card_724,About,Academics,1.0,3.0,1.0,4.0,36.20404499186521,Current
P0100,Card_725,Admissions,Resources,1.0,4.0,1.0,4.0,74.01218071152095,Proposed
P0101,Card_726,Campus,Resources,1.0,4.0,1.0,1.0,26.960810280180933,Proposed
P0102,Card_727,Campus,Main_Nav,1.0,2.0,1.0,3.0,16.271906317680592,Proposed
P0103,Card_728,Research,Main_Nav,1.0,3.0,0.0,4.0,63.79420900770419,Proposed
P0104,Card_729,Courses,Administration,0.0,5.0,1.0,2.0,56.73602835760191,Current
P0105,Card_730,Contact,Academics,1.0,4.0,1.0,6.0,23.685806664096823,Proposed
P0106,Card_731,Admissions,Academics,1.0,,0.0,5.0,12.185066543913116,Current
P0107,Card_732,Admissions,Administration,1.0,3.0,1.0,1.0,15.720726127892902,Proposed
P0108,Card_733,Research,Academics,1.0,,1.0,3.0,102.77953427418335,Proposed
P0109,Card_734,Faculty,Academics,1.0,5.0,1.0,4.0,54.85565306351107,Current
,Card_735,Research,Administration,1.0,2.0,1.0,1.0,68.96394059772446,Current
P0111,Card_736,Contact,Main_Nav,1.0,4.0,1.0,3.0,37.473351785146875,Proposed
P0112,Card_737,Admissions,Administration,1.0,5.0,1.0,7.0,97.68927003210489,Proposed
P0113,Card_738,Courses,Resources,1.0,5.0,1.0,6.0,72.41003165360436,Proposed
P0114,Card_739,Home,Main_Nav,,4.0,1.0,0.0,172.08153658024102,Current
P0115,Card_740,Home,Resources,1.0,5.0,1.0,3.0,40.75419659881381,Current
P0116,Card_741,Admissions,Academics,1.0,4.0,0.0,7.0,25.29459944468695,Proposed
P0117,Card_742,Courses,Academics,1.0,4.0,1.0,2.0,112.38295232544128,Current
P0118,Card_743,Research,Academics,1.0,3.0,1.0,2.0,85.59254367161603,Proposed
P0119,Card_744,Research,Academics,1.0,2.0,1.0,7.0,51.510315844558285,Proposed
P0120,Card_745,About,Resources,1.0,3.0,1.0,2.0,20.2543653473691,Proposed
P0121,Card_746,Faculty,Academics,1.0,2.0,0.0,1.0,49.00542255417644,Current
P0122,Card_747,Campus,Academics,1.0,5.0,1.0,8.0,31.151960734206895,Proposed
P0123,Card_748,About,Academics,1.0,3.0,1.0,6.0,17.672917166835013,Current
P0124,Card_749,About,Resources,0.0,3.0,1.0,3.0,35.352460036910436,Current
P0125,Card_750,Faculty,Administration,1.0,5.0,1.0,5.0,173.5594647604623,Proposed
P0001,Card_751,About,,1.0,5.0,1.0,4.0,137.09455854764863,Current
P0002,Card_752,Courses,Academics,1.0,5.0,1.0,4.0,44.522491852116396,Current
P0003,,Faculty,Resources,0.0,3.0,1.0,3.0,172.91915201214906,
P0004,Card_754,Campus,Resources,1.0,4.0,1.0,1.0,116.56518664808917,Proposed
P0005,Card_755,Research,Main_Nav,,5.0,1.0,1.0,71.82353360519816,Proposed
P0006,Card_756,Courses,Resources,1.0,2.0,,4.0,37.718802046143104,Current
P0007,Card_757,Home,Main_Nav,1.0,3.0,1.0,7.0,49.259285559118744,Proposed
P0008,Card_758,About,Main_Nav,1.0,2.0,1.0,5.0,18.967849801479733,Proposed
P0009,Card_759,About,Resources,1.0,5.0,0.0,6.0,15.24613454849362,Proposed
P0010,Card_760,Research,Academics,1.0,,1.0,4.0,80.57776517823089,Proposed
P0011,Card_761,Faculty,Administration,1.0,3.0,1.0,2.0,6.8863148977896405,Proposed
P0012,Card_762,Campus,Main_Nav,1.0,4.0,1.0,2.0,62.84377918361161,Proposed
P0013,Card_763,Faculty,Administration,1.0,4.0,1.0,3.0,50.23377468873595,Proposed
P0014,Card_764,Home,Academics,1.0,3.0,,5.0,66.78374692391004,Current
P0015,Card_765,Admissions,Administration,1.0,5.0,1.0,8.0,33.20421840217746,Current
P0016,Card_766,Faculty,Academics,1.0,4.0,1.0,2.0,107.88578115572255,Current
,Card_767,Faculty,Administration,0.0,4.0,1.0,3.0,74.59645141096989,Current
P0018,Card_768,Campus,Administration,1.0,1.0,1.0,2.0,63.1354594564661,Proposed
P0019,Card_769,Courses,Resources,1.0,2.0,1.0,3.0,37.509498014575755,Current
P0020,Card_770,About,Academics,1.0,4.0,1.0,0.0,19.513741180329262,Proposed
P0021,Card_771,,Main_Nav,1.0,3.0,0.0,7.0,44.809816605449626,Proposed
P0022,Card_772,Contact,Main_Nav,1.0,3.0,1.0,2.0,55.79938119582459,Current
P0023,Card_773,Contact,Academics,1.0,4.0,0.0,5.0,26.508019987397535,Proposed
P0024,Card_774,Contact,Main_Nav,1.0,4.0,1.0,4.0,10.445877087100746,Current
P0025,Card_775,Home,Administration,1.0,4.0,1.0,3.0,22.772522723592264,Current
P0026,Card_776,Research,Resources,1.0,5.0,1.0,1.0,28.623163951447648,Current
P0027,Card_777,Courses,Administration,1.0,4.0,1.0,2.0,53.19714156626126,Current
,Card_778,Admissions,Academics,1.0,4.0,1.0,1.0,85.13154255722819,
P0029,Card_779,Home,Resources,1.0,5.0,1.0,3.0,,Current
P0030,Card_780,Campus,Administration,1.0,4.0,1.0,5.0,159.2871439450624,Proposed
P0031,Card_781,Faculty,Main_Nav,1.0,5.0,1.0,2.0,56.01007177707396,Current
P0032,Card_782,Faculty,Main_Nav,1.0,5.0,1.0,4.0,178.40295257137348,Proposed
P0033,Card_783,Home,Academics,1.0,4.0,1.0,5.0,74.42182695211783,Proposed
P0034,Card_784,About,Resources,1.0,2.0,1.0,3.0,33.446955338335485,Current
P0035,Card_785,Campus,Academics,0.0,1.0,1.0,4.0,93.47873941062683,Current
P0036,Card_786,,Academics,,3.0,1.0,4.0,38.35801010053886,Current
,Card_787,Faculty,Administration,1.0,5.0,1.0,3.0,35.62711650905294,Proposed
P0038,Card_788,Contact,Main_Nav,1.0,,1.0,1.0,25.17319720635594,Current
P0039,Card_789,Courses,Main_Nav,0.0,3.0,0.0,3.0,40.38982265714954,Current
P0040,Card_790,Faculty,Academics,1.0,5.0,1.0,3.0,46.57933000976058,Current
P0041,Card_791,,Main_Nav,1.0,4.0,1.0,2.0,12.940750525262837,Current
P0042,Card_792,Home,Main_Nav,1.0,4.0,1.0,2.0,63.116364408294906,Current
P0043,Card_793,Admissions,Academics,1.0,5.0,0.0,3.0,29.893300849035345,Proposed
P0044,Card_794,Research,Administration,1.0,4.0,1.0,6.0,111.36904399988242,Current
P0045,Card_795,Courses,Main_Nav,1.0,5.0,1.0,1.0,88.82051178746708,Current
P0046,Card_796,About,Academics,1.0,4.0,1.0,4.0,79.14593567220747,Proposed
P0047,Card_797,Home,Administration,1.0,5.0,1.0,3.0,192.1585164705851,Current
P0048,Card_798,About,Administration,1.0,5.0,1.0,1.0,75.69455544930652,Proposed
P0049,Card_799,Home,Resources,1.0,5.0,1.0,4.0,158.0214264591447,Proposed
P0050,Card_800,Home,Main_Nav,1.0,4.0,1.0,5.0,4.41029366574116,Current
P0051,Card_801,Research,Resources,1.0,4.0,1.0,2.0,48.33851007792131,Proposed
P0052,Card_802,About,Administration,1.0,,0.0,0.0,50.788461374163816,Proposed
P0053,Card_803,Courses,Resources,1.0,4.0,1.0,3.0,83.27375592115862,Current
P0054,Card_804,Contact,Administration,1.0,5.0,1.0,1.0,104.2440479593431,Proposed
P0055,Card_805,About,Academics,1.0,,1.0,9.0,14.569902376437561,Current
P0056,Card_806,Home,Academics,1.0,5.0,1.0,4.0,120.67529349082557,Proposed
P0057,Card_807,Campus,Resources,,4.0,1.0,2.0,22.08054395096277,Proposed
P0058,Card_808,Research,Resources,0.0,2.0,1.0,5.0,131.7613470933354,Current
P0059,Card_809,Research,Main_Nav,,2.0,0.0,2.0,,Current
P0060,Card_810,Courses,Main_Nav,1.0,3.0,1.0,4.0,82.24580381670376,Proposed
P0061,Card_811,Campus,Main_Nav,1.0,4.0,1.0,5.0,13.719597104209424,Proposed
P0062,,Admissions,Academics,1.0,4.0,1.0,2.0,42.83705047795591,Proposed
P0063,Card_813,Contact,Main_Nav,1.0,2.0,1.0,7.0,33.64541195960114,Current
,Card_814,Courses,Administration,1.0,4.0,0.0,2.0,213.199709789558,Proposed
P0065,Card_815,Campus,Administration,0.0,4.0,1.0,1.0,76.58414375500627,Current
P0066,Card_816,Contact,Administration,0.0,3.0,1.0,3.0,47.365847815766045,Current
P0067,Card_817,Faculty,Resources,1.0,4.0,0.0,4.0,33.72989845146954,Proposed
P0068,Card_818,Campus,Administration,0.0,4.0,1.0,1.0,19.640232979406765,Current
P0069,Card_819,Courses,Administration,1.0,3.0,1.0,4.0,22.654843077782456,Proposed
P0070,Card_820,Contact,Main_Nav,1.0,3.0,1.0,0.0,103.30394199319842,Proposed
P0071,Card_821,About,Resources,0.0,4.0,1.0,4.0,14.614230005340033,Current
P0072,Card_822,About,Resources,1.0,5.0,0.0,0.0,68.1077440611971,Current
P0073,Card_823,Admissions,Main_Nav,0.0,4.0,1.0,2.0,39.81920904421657,Current
P0074,Card_824,Admissions,Main_Nav,1.0,4.0,1.0,1.0,84.83820912392984,Proposed
P0075,Card_825,,Resources,0.0,4.0,1.0,3.0,61.955959662217396,Current
P0076,,Faculty,Administration,1.0,4.0,1.0,8.0,70.26136132128251,Proposed
P0077,Card_827,Research,Academics,1.0,5.0,1.0,4.0,13.937452099878321,Proposed
P0078,Card_828,,Main_Nav,1.0,2.0,1.0,3.0,66.73609567544644,Proposed
P0079,Card_829,Courses,Resources,1.0,5.0,1.0,5.0,50.672204967463635,Current
P0080,Card_830,About,Academics,1.0,2.0,1.0,3.0,35.95623789395746,Proposed
P0081,Card_831,Home,Academics,1.0,4.0,1.0,2.0,50.61904262090924,Current
P0082,Card_832,Research,Academics,1.0,4.0,1.0,3.0,30.26019920966734,Current
P0083,Card_833,About,Administration,1.0,4.0,1.0,3.0,30.63761015099301,Proposed
,Card_834,Faculty,Academics,1.0,4.0,1.0,1.0,86.28025532087902,Proposed
P0085,Card_835,Courses,Main_Nav,0.0,4.0,1.0,3.0,14.702364561819309,Current
P0086,Card_836,Home,Administration,0.0,4.0,1.0,3.0,117.22561606881305,Current
P0087,Card_837,Campus,Administration,1.0,3.0,1.0,1.0,112.0421977573065,Proposed
P0088,Card_838,Contact,Academics,1.0,3.0,1.0,5.0,88.65897298581139,Current
P0089,Card_839,Contact,Resources,1.0,3.0,1.0,2.0,102.87517928483699,Proposed
P0090,Card_840,Campus,Academics,1.0,5.0,1.0,5.0,111.1097837056674,Proposed
P0091,Card_841,Courses,Administration,1.0,5.0,1.0,7.0,135.90630073262616,Current
P0092,Card_842,Research,Administration,1.0,4.0,1.0,0.0,52.558831847752714,Current
P0093,Card_843,Admissions,Resources,0.0,4.0,1.0,2.0,35.85352436803623,Current
P0094,Card_844,,Administration,0.0,3.0,1.0,2.0,65.15086789860128,Current
P0095,Card_845,Campus,Resources,1.0,5.0,1.0,3.0,37.50128247224566,Proposed
P0096,Card_846,Courses,Academics,1.0,4.0,1.0,5.0,237.77164272556016,Current
P0097,Card_847,Contact,Main_Nav,1.0,5.0,1.0,2.0,44.90548711438183,Current
P0098,Card_848,About,Resources,1.0,1.0,1.0,1.0,21.92850612489755,Proposed
P0099,Card_849,Campus,Resources,1.0,3.0,1.0,0.0,61.41776943071088,Current
P0100,Card_850,Faculty,Main_Nav,1.0,4.0,1.0,4.0,170.81511549217097,Current
P0101,Card_851,Campus,Resources,1.0,3.0,1.0,,65.54561530896143,Proposed
P0102,Card_852,Contact,Resources,0.0,3.0,1.0,4.0,57.76035073912027,Current
P0103,Card_853,About,Administration,1.0,2.0,1.0,3.0,142.4867193344362,Proposed
P0104,Card_854,Admissions,Main_Nav,1.0,4.0,1.0,1.0,165.59917967643224,Current
P0105,Card_855,Contact,Administration,1.0,2.0,1.0,3.0,23.355206861685367,Proposed
P0106,Card_856,Admissions,Academics,1.0,5.0,1.0,4.0,82.5838226441101,Current
P0107,Card_857,About,Main_Nav,1.0,5.0,,2.0,64.56314418485627,Current
P0108,Card_858,Home,Academics,1.0,4.0,1.0,2.0,52.25135711329544,Proposed
P0109,Card_859,Research,Main_Nav,1.0,4.0,1.0,3.0,48.79450061237981,Proposed
P0110,Card_860,Admissions,Academics,1.0,2.0,1.0,4.0,163.40390079096906,Proposed
P0111,Card_861,Campus,Administration,1.0,3.0,1.0,1.0,29.76982939972993,Proposed
P0112,Card_862,Admissions,Main_Nav,1.0,5.0,1.0,2.0,80.86946602504439,
P0113,Card_863,Faculty,Academics,0.0,2.0,0.0,4.0,62.90990379549948,Current
P0114,Card_864,Admissions,Academics,1.0,3.0,0.0,4.0,31.61804833573812,Proposed
P0115,Card_865,Admissions,Main_Nav,1.0,3.0,1.0,1.0,33.896764122401365,Current
P0116,Card_866,Contact,Academics,1.0,2.0,1.0,6.0,227.08503791385758,Proposed
P0117,Card_867,Contact,Administration,1.0,5.0,1.0,2.0,36.30489061518099,Proposed
P0118,Card_868,Faculty,Main_Nav,1.0,4.0,1.0,4.0,59.28636547310032,Current
P0119,Card_869,Contact,Academics,1.0,3.0,1.0,6.0,35.374119480490926,Proposed
P0120,Card_870,Research,Administration,1.0,3.0,1.0,,16.73494311819656,Proposed
P0121,Card_871,About,Resources,1.0,5.0,1.0,3.0,58.79344035155501,Proposed
,Card_872,About,Main_Nav,1.0,4.0,1.0,0.0,167.525733802139,Current
P0123,Card_873,Courses,Resources,1.0,4.0,0.0,5.0,104.22990580453109,Current
P0124,Card_874,Campus,Academics,1.0,1.0,0.0,2.0,120.12506272143833,Proposed
P0125,Card_875,Home,Administration,1.0,2.0,1.0,0.0,28.124763801982173,Proposed
P0001,,Faculty,Academics,1.0,5.0,1.0,3.0,51.20858838052868,Proposed
P0002,Card_877,Admissions,Administration,1.0,2.0,0.0,1.0,145.94057915976765,Proposed
P0003,Card_878,About,Academics,1.0,5.0,1.0,2.0,38.33024948458968,Proposed
P0004,Card_879,Campus,Resources,0.0,4.0,,2.0,122.44770758054551,Current
P0005,Card_880,Home,Academics,1.0,4.0,1.0,3.0,100.76020578570638,Current
P0006,Card_881,Contact,Academics,0.0,5.0,1.0,2.0,94.55236754474598,Current
P0007,Card_882,Contact,Administration,1.0,5.0,1.0,2.0,165.7191937958969,Proposed
P0008,Card_883,Courses,Main_Nav,1.0,2.0,0.0,7.0,40.05864873663087,Current
P0009,Card_884,Courses,Main_Nav,0.0,3.0,1.0,3.0,60.942455498758356,Current
P0010,Card_885,Research,Main_Nav,1.0,3.0,1.0,2.0,26.554464727280287,Proposed
P0011,Card_886,Campus,Main_Nav,1.0,4.0,1.0,2.0,138.93867794795216,Proposed
P0012,Card_887,Courses,Main_Nav,1.0,4.0,1.0,3.0,40.941850613271356,Current
P0013,Card_888,Research,Resources,1.0,5.0,1.0,2.0,8.123613784570527,Current
P0014,Card_889,Contact,Resources,1.0,5.0,1.0,2.0,92.24737954777493,Proposed
,Card_890,Home,Resources,1.0,4.0,1.0,3.0,71.66025295315573,Current
P0016,Card_891,Admissions,Administration,1.0,4.0,1.0,2.0,39.11762789102911,
P0017,Card_892,Admissions,Resources,1.0,4.0,1.0,,47.09221932757198,Current
P0018,Card_893,Research,Main_Nav,1.0,5.0,0.0,,49.87942708397503,Current
P0019,Card_894,Campus,Resources,1.0,2.0,1.0,1.0,31.443204604589464,Proposed
P0020,Card_895,Contact,Main_Nav,1.0,3.0,1.0,0.0,261.20630177111434,Proposed
P0021,Card_896,Campus,Resources,1.0,5.0,1.0,4.0,115.8144661613199,Current
P0022,Card_897,Campus,Resources,1.0,5.0,0.0,4.0,189.0976251690511,Proposed
P0023,Card_898,Faculty,Academics,1.0,4.0,1.0,5.0,24.28124584383799,Proposed
P0024,Card_899,Home,Main_Nav,1.0,,1.0,1.0,47.483059657204876,Proposed
P0025,Card_900,Admissions,Administration,1.0,1.0,1.0,4.0,54.44919597645375,Proposed
P0026,Card_901,Courses,Administration,0.0,5.0,1.0,1.0,88.94168264360877,Current
P0027,Card_902,,Resources,1.0,4.0,1.0,4.0,45.595258827151554,Proposed
P0028,Card_903,Campus,Administration,1.0,4.0,1.0,5.0,11.669969284947943,Proposed
P0029,Card_904,Campus,Administration,0.0,4.0,1.0,1.0,55.706757854678415,Current
P0030,Card_905,Admissions,Resources,1.0,5.0,0.0,1.0,18.814901787855558,Current
P0031,Card_906,Research,Administration,1.0,4.0,1.0,2.0,45.68918265332742,Proposed
P0032,Card_907,Research,Resources,0.0,4.0,1.0,2.0,34.601844012870394,Current
P0033,Card_908,Home,Academics,1.0,5.0,1.0,1.0,185.59405903965924,Proposed
P0034,Card_909,Research,Resources,1.0,3.0,1.0,3.0,105.37887378918096,Proposed
P0035,Card_910,Courses,Academics,1.0,3.0,1.0,1.0,88.95900867470348,Current
P0036,Card_911,Home,Academics,0.0,4.0,,5.0,505.641083361077,Current
P0037,Card_912,Faculty,Main_Nav,1.0,5.0,1.0,2.0,82.96607003275413,Current
P0038,Card_913,Courses,Main_Nav,0.0,4.0,1.0,3.0,22.95239536234752,Current
P0039,Card_914,Courses,Academics,1.0,5.0,1.0,4.0,119.89889108417947,Proposed
P0040,Card_915,Campus,Administration,1.0,5.0,1.0,2.0,16.79795977836401,Proposed
P0041,Card_916,Contact,Main_Nav,0.0,4.0,,1.0,123.89456939783916,Current
P0042,Card_917,Research,Resources,1.0,5.0,1.0,2.0,15.26563618055386,Proposed
P0043,Card_918,Faculty,Resources,1.0,4.0,1.0,1.0,147.4298288720465,Proposed
P0044,Card_919,Courses,Main_Nav,1.0,5.0,0.0,2.0,89.6824739245787,Proposed
P0045,Card_920,Courses,Administration,1.0,4.0,1.0,5.0,28.991883164700706,Proposed
P0046,Card_921,Courses,Administration,1.0,5.0,1.0,4.0,59.51349147740026,Proposed
P0047,Card_922,Courses,Academics,1.0,3.0,1.0,4.0,30.369580343154563,Proposed
P0048,Card_923,Courses,Academics,0.0,4.0,1.0,2.0,62.08608994988375,Current
P0049,Card_924,Admissions,Resources,1.0,5.0,1.0,,296.745200106772,Proposed
P0050,Card_925,Courses,Academics,,4.0,1.0,2.0,73.73017655793124,Proposed
P0051,Card_926,Faculty,Main_Nav,1.0,2.0,1.0,2.0,101.33285124321075,Current
P0052,Card_927,About,Administration,1.0,4.0,1.0,2.0,26.37269219639351,Current
P0053,Card_928,Admissions,Main_Nav,1.0,5.0,1.0,5.0,31.85861268226047,Current
P0054,Card_929,Home,Academics,1.0,5.0,1.0,6.0,103.66532601907035,Proposed
P0055,Card_930,Faculty,Academics,1.0,5.0,1.0,4.0,41.34029155698239,Proposed
P0056,Card_931,Contact,Academics,1.0,2.0,1.0,6.0,36.108151581380525,Current
P0057,Card_932,Faculty,Main_Nav,1.0,4.0,1.0,3.0,12.493207102163616,Proposed
P0058,Card_933,Faculty,Main_Nav,1.0,4.0,1.0,1.0,11.700025829903593,Proposed
P0059,Card_934,Courses,Academics,0.0,1.0,1.0,3.0,80.48976708580948,Current
P0060,Card_935,Contact,Main_Nav,0.0,3.0,1.0,4.0,247.80141603450915,Current
P0061,Card_936,About,Main_Nav,1.0,5.0,0.0,4.0,16.509214514015866,Current
P0062,Card_937,Courses,Resources,0.0,2.0,1.0,4.0,7.537111513875184,Current
P0063,Card_938,Courses,Resources,1.0,3.0,1.0,2.0,41.83516795744646,Current
P0064,Card_939,Courses,Administration,1.0,3.0,1.0,4.0,39.489374179822356,Proposed
P0065,Card_940,Courses,Resources,1.0,2.0,0.0,1.0,58.97381135969656,Current
P0066,Card_941,Contact,Academics,1.0,3.0,1.0,3.0,83.21556349726464,Proposed
P0067,Card_942,Admissions,Main_Nav,1.0,3.0,1.0,2.0,,Current
P0068,Card_943,Faculty,Resources,0.0,5.0,1.0,3.0,47.830041301654504,Current
P0069,Card_944,Contact,Main_Nav,0.0,4.0,1.0,1.0,64.43633722703377,Current
P0070,Card_945,Campus,Academics,1.0,5.0,1.0,2.0,47.889146878204066,Current
P0071,Card_946,Contact,Academics,1.0,5.0,1.0,2.0,67.4982425880707,Proposed
P0072,Card_947,Admissions,Administration,1.0,4.0,1.0,3.0,72.46423169736696,Proposed
P0073,Card_948,Research,Academics,1.0,1.0,1.0,1.0,42.38912191604313,Proposed
P0074,Card_949,Campus,Academics,1.0,2.0,1.0,2.0,409.71591960832495,Proposed
P0075,Card_950,Campus,Administration,1.0,3.0,1.0,5.0,97.37583440544836,Proposed
P0076,Card_951,Faculty,Main_Nav,0.0,3.0,1.0,4.0,83.88037679338301,
P0077,Card_952,Admissions,Resources,0.0,4.0,0.0,7.0,13.085099275905497,
P0078,Card_953,Campus,Main_Nav,1.0,5.0,0.0,3.0,65.69327966523605,Current
P0079,Card_954,Courses,Administration,0.0,5.0,1.0,2.0,121.44975429112401,Current
P0080,Card_955,Home,Administration,0.0,,1.0,4.0,83.06259322967806,Current
P0081,Card_956,Home,Main_Nav,1.0,3.0,1.0,5.0,50.326120082315605,Proposed
P0082,Card_957,Campus,Resources,1.0,4.0,1.0,3.0,27.483675001783528,Current
P0083,Card_958,Faculty,Academics,1.0,3.0,1.0,1.0,81.02689011829175,Current
P0084,Card_959,Research,Academics,1.0,4.0,0.0,4.0,27.525945016583915,Proposed
P0085,Card_960,Faculty,Academics,1.0,5.0,0.0,3.0,75.32099152310063,Proposed
P0086,Card_961,About,Main_Nav,1.0,2.0,1.0,2.0,105.60672157503379,Current
P0087,Card_962,Home,Administration,1.0,4.0,1.0,3.0,44.86251831035829,Current
P0088,Card_963,About,Administration,1.0,3.0,1.0,6.0,121.80502248881896,Current
P0089,Card_964,Admissions,Academics,0.0,4.0,1.0,4.0,84.4362029537589,Current
P0090,Card_965,Campus,Resources,1.0,3.0,1.0,4.0,62.17225068796187,Proposed
P0091,Card_966,About,Administration,1.0,4.0,0.0,5.0,57.55644209549042,Current
P0092,Card_967,Admissions,Main_Nav,1.0,5.0,0.0,2.0,107.33042582280946,Proposed
P0093,Card_968,Home,Main_Nav,1.0,4.0,1.0,2.0,89.61618704080765,Current
P0094,Card_969,Courses,Academics,0.0,3.0,0.0,4.0,57.3813207286288,Current
P0095,Card_970,Admissions,Main_Nav,0.0,4.0,1.0,1.0,367.09504456995927,Current
P0096,,,Academics,1.0,3.0,1.0,1.0,168.8799876220853,Proposed
P0097,Card_972,Faculty,Resources,0.0,5.0,1.0,2.0,70.45232763994598,Current
P0098,Card_973,Contact,Main_Nav,1.0,3.0,1.0,2.0,92.26700695404627,Proposed
P0099,Card_974,Campus,Resources,1.0,4.0,1.0,5.0,20.976913524952437,Current
P0100,Card_975,Research,Administration,0.0,5.0,1.0,2.0,93.35784216924264,Current
P0101,Card_976,Campus,Administration,1.0,3.0,0.0,3.0,,Proposed
P0102,Card_977,Admissions,Resources,0.0,3.0,1.0,1.0,84.29651537737912,Current
P0103,Card_978,Faculty,Main_Nav,1.0,4.0,1.0,3.0,16.787150413002408,Current
P0104,Card_979,Research,Administration,1.0,4.0,1.0,2.0,146.84564074248652,Current
P0105,Card_980,Admissions,Main_Nav,1.0,4.0,1.0,2.0,48.77269410756319,Proposed
P0106,Card_981,Campus,Resources,1.0,3.0,1.0,4.0,83.36767757599125,Current
P0107,Card_982,About,Administration,1.0,3.0,0.0,5.0,13.995966803694847,Proposed
P0108,,Home,Administration,0.0,5.0,1.0,2.0,45.62250871605027,Current
P0109,Card_984,Admissions,Main_Nav,1.0,5.0,1.0,2.0,60.15451982816083,Proposed
P0110,Card_985,Home,Administration,0.0,4.0,1.0,3.0,111.54894004069293,Current
P0111,Card_986,Contact,Main_Nav,1.0,2.0,1.0,3.0,34.50741969096957,Proposed
P0112,Card_987,Campus,Resources,1.0,3.0,1.0,1.0,24.81192229744162,Current
P0113,Card_988,Home,Main_Nav,1.0,4.0,1.0,4.0,29.218827647153788,Proposed
P0114,Card_989,Contact,Resources,1.0,4.0,1.0,2.0,92.34395285512343,Current
P0115,Card_990,Research,Administration,1.0,4.0,1.0,2.0,112.0400578153527,Current
P0116,Card_991,Admissions,Resources,1.0,4.0,1.0,3.0,97.62500757373705,Current
P0117,Card_992,Campus,Academics,1.0,4.0,1.0,3.0,76.258632273149,Current
P0118,Card_993,Courses,,1.0,2.0,1.0,2.0,31.66170512527639,Proposed
P0119,Card_994,Courses,Academics,1.0,3.0,1.0,1.0,30.608857680905512,Current
P0120,Card_995,Home,Administration,1.0,4.0,1.0,1.0,111.49295755505685,Proposed
P0121,Card_996,Campus,Academics,1.0,4.0,1.0,1.0,,Proposed
P0122,Card_997,About,Main_Nav,1.0,5.0,0.0,1.0,32.75363778644229,Proposed
P0123,Card_998,Campus,Administration,0.0,4.0,1.0,3.0,11.468099642803033,Current
P0124,Card_999,Campus,Academics,1.0,2.0,1.0,0.0,56.32563301391522,Proposed
P0125,Card_1000,Faculty,Academics,1.0,3.0,0.0,2.0,46.28608238991569,Proposed
